City_ID,City,Country,Date,Lat,Lng,Max Temp,Humidity,Cloudiness,Wind Speed
0,Ushuaia,AR,2021-03-26 20:05:43,-54.8,-68.3,51.8,54,40,8.05
1,Fare,PF,2021-03-26 20:05:43,-16.7,-151.0167,83.05,73,6,23.09
2,East London,ZA,2021-03-26 20:05:44,-33.0153,27.9116,69.87,83,59,14.79
3,Bluff,NZ,2021-03-26 20:05:44,-46.6,168.3333,57.99,81,100,1.01
4,Pacific Grove,US,2021-03-26 20:05:44,36.6177,-121.9166,64.4,39,1,6.91
5,Bengkulu,ID,2021-03-26 20:05:44,-3.8004,102.2655,76.68,89,96,3.96
6,Manitouwadge,CA,2021-03-26 20:05:45,49.1215,-85.8403,30.2,68,75,13.8
7,Tuktoyaktuk,CA,2021-03-26 20:05:45,69.4541,-133.0374,-7.6,77,90,12.66
8,Guerrero Negro,MX,2021-03-26 20:05:45,27.9769,-114.0611,63.7,51,0,16.13
9,Punta Arenas,CL,2021-03-26 20:05:46,-53.15,-70.9167,53.6,58,75,12.66
10,Nikolskoye,RU,2021-03-26 20:05:46,59.7035,30.7861,34.0,93,40,2.68
11,Cidreira,BR,2021-03-26 20:05:46,-30.1811,-50.2056,78.28,77,98,9.93
12,Airai,TL,2021-03-26 20:05:47,-8.9266,125.4092,59.43,92,94,2.04
13,Mataura,NZ,2021-03-26 20:02:48,-46.1927,168.8643,57.99,81,100,1.01
14,Coahuayana,MX,2021-03-26 20:05:47,18.7333,-103.6833,82.4,36,20,9.01
15,Vardo,NO,2021-03-26 20:05:47,70.3705,31.1107,28.4,80,0,25.32
16,Chuy,UY,2021-03-26 20:05:47,-33.6971,-53.4616,72.84,85,100,5.5
17,Kaitangata,NZ,2021-03-26 20:05:48,-46.2817,169.8464,53.85,79,76,2.86
18,Albany,US,2021-03-26 20:02:08,42.6001,-73.9662,75.2,35,75,27.63
19,Dingle,PH,2021-03-26 20:05:48,10.9995,122.6711,75.74,90,68,6.87
20,Sabang,ID,2021-03-26 20:05:48,5.8933,95.3214,82.94,75,99,14.79
21,Mahebourg,MU,2021-03-26 20:05:48,-20.4081,57.7,77.0,94,75,3.44
22,Kodiak,US,2021-03-26 20:05:49,57.79,-152.4072,35.6,48,1,18.41
23,Trairi,BR,2021-03-26 20:05:49,-3.2778,-39.2689,75.06,89,100,5.23
24,Suntar,RU,2021-03-26 20:05:49,62.1444,117.6319,2.73,98,61,4.07
25,Naantali,FI,2021-03-26 20:05:49,60.4674,22.0243,33.8,100,90,4.61
26,Cherskiy,RU,2021-03-26 20:05:50,68.75,161.3,-21.24,99,99,5.21
27,Tasiilaq,GL,2021-03-26 20:05:50,65.6145,-37.6368,5.0,56,83,10.36
28,Derzhavinsk,KZ,2021-03-26 20:05:50,51.1,66.3167,29.52,97,100,7.74
29,Aden,YE,2021-03-26 20:05:50,12.7794,45.0367,78.98,70,100,9.66
30,Codrington,AU,2021-03-26 20:05:51,-38.2667,141.9667,54.39,88,100,7.4
31,Ugoofaaru,MV,2021-03-26 20:05:51,5.6667,73.0,84.36,72,100,11.5
32,Aklavik,CA,2021-03-26 20:05:51,68.2191,-135.0107,-2.2,77,100,8.05
33,Khoy,IR,2021-03-26 20:05:51,38.5504,44.9535,45.03,48,0,7.94
34,Esperance,AU,2021-03-26 20:05:52,-33.8667,121.9,55.4,88,0,10.36
35,Roma,US,2021-03-26 20:03:10,43.2128,-75.4557,51.8,71,90,27.63
36,Dunedin,NZ,2021-03-26 20:05:52,-45.8742,170.5036,61.0,63,58,3.0
37,Lebu,CL,2021-03-26 20:05:52,-37.6167,-73.65,59.86,64,0,18.57
38,Vao,NC,2021-03-26 20:05:53,-22.6667,167.4833,77.81,76,9,13.35
39,Port Alfred,ZA,2021-03-26 20:05:53,-33.5906,26.891,69.37,87,100,6.22
40,Lorengau,PG,2021-03-26 20:05:53,-2.0226,147.2712,79.72,81,100,4.16
41,Cape Town,ZA,2021-03-26 20:01:25,-33.9258,18.4232,66.99,82,40,5.75
42,Jamestown,US,2021-03-26 20:05:46,42.097,-79.2353,42.01,100,90,17.34
43,Hilo,US,2021-03-26 20:03:10,19.7297,-155.09,82.4,47,20,6.91
44,Puerto Ayora,EC,2021-03-26 20:05:53,-0.7393,-90.3518,82.4,74,20,10.36
45,Azuaga,ES,2021-03-26 20:05:54,38.2667,-5.6833,48.24,67,51,6.42
46,Yazman,PK,2021-03-26 20:05:54,29.1212,71.7446,83.57,18,0,7.56
47,Port Elizabeth,ZA,2021-03-26 20:03:17,-33.918,25.5701,68.0,73,20,28.77
48,Lanzhou,CN,2021-03-26 20:05:54,36.0564,103.7922,48.0,43,81,1.43
49,Harper,LR,2021-03-26 20:03:04,4.375,-7.7169,78.96,87,0,6.93
50,Castro,BR,2021-03-26 20:04:17,-24.7911,-50.0119,79.74,61,20,4.74
51,Ilulissat,GL,2021-03-26 20:05:55,69.2167,-51.1,-9.4,49,1,2.3
52,Homer,US,2021-03-26 20:05:55,59.6425,-151.5483,33.8,69,20,8.05
53,Jacksonville Beach,US,2021-03-26 20:05:55,30.2947,-81.3931,89.6,69,20,20.71
54,Hobart,AU,2021-03-26 20:05:55,-42.8794,147.3294,55.4,88,75,8.05
55,Butaritari,KI,2021-03-26 20:05:56,3.0707,172.7902,80.82,80,61,15.26
56,Bathsheba,BB,2021-03-26 20:05:56,13.2167,-59.5167,80.6,57,20,23.02
57,Atuona,PF,2021-03-26 20:05:56,-9.8,-139.0333,80.64,77,14,20.2
58,Caravelas,BR,2021-03-26 20:05:56,-17.7125,-39.2481,80.65,65,0,7.14
59,Yellowknife,CA,2021-03-26 20:05:57,62.456,-114.3525,16.0,66,20,8.05
60,Tiksi,RU,2021-03-26 20:05:57,71.6872,128.8694,7.09,92,100,7.49
61,Hermanus,ZA,2021-03-26 20:05:57,-34.4187,19.2345,63.0,79,0,1.01
62,Provideniya,RU,2021-03-26 20:05:57,64.3833,-173.3,2.07,90,100,14.83
63,Jurado,CO,2021-03-26 20:05:58,7.1053,-77.7641,82.08,79,98,5.7
64,Kudahuvadhoo,MV,2021-03-26 20:05:58,2.6708,72.8944,81.66,74,97,9.57
65,Isangel,VU,2021-03-26 20:05:58,-19.55,169.2667,78.55,83,13,6.11
66,Porbandar,IN,2021-03-26 20:05:59,21.6422,69.6093,80.2,51,0,9.19
67,Bandarbeyla,SO,2021-03-26 20:05:59,9.4942,50.8122,78.85,72,82,14.65
68,Champaign,US,2021-03-26 20:05:59,40.1334,-88.2001,51.8,76,90,8.05
69,Trinidad,BO,2021-03-26 20:06:00,-14.8333,-64.9,89.6,66,40,11.5
70,Fecamp,FR,2021-03-26 20:06:00,49.7579,0.3746,44.6,81,75,18.41
71,Saskylakh,RU,2021-03-26 20:06:00,71.9167,114.0833,-3.55,100,99,3.09
72,Qinzhou,CN,2021-03-26 20:06:00,21.95,108.6167,72.64,81,99,8.39
73,Kismayo,SO,2021-03-26 20:06:01,-0.3582,42.5454,80.38,74,75,16.31
74,Qaanaaq,GL,2021-03-26 20:06:01,77.484,-69.3632,-7.53,64,100,5.48
75,Mount Gambier,AU,2021-03-26 20:06:01,-37.8333,140.7667,53.6,94,36,8.05
76,Faanui,PF,2021-03-26 20:06:01,-16.4833,-151.75,83.26,72,4,21.59
77,Bredasdorp,ZA,2021-03-26 20:06:02,-34.5322,20.0403,64.4,68,0,8.05
78,Thompson,CA,2021-03-26 20:06:02,55.7435,-97.8558,24.8,86,90,3.44
79,Macusani,PE,2021-03-26 20:06:02,-14.0833,-70.4333,47.88,65,91,7.74
80,Vaini,TO,2021-03-26 20:06:02,-21.2,-175.2,80.6,89,40,10.36
81,Hithadhoo,MV,2021-03-26 20:06:03,-0.6,73.0833,82.62,70,92,6.29
82,Poronaysk,RU,2021-03-26 20:06:03,49.2167,143.1167,9.77,94,77,5.06
83,Pingyi,CN,2021-03-26 20:06:04,35.5006,117.6308,52.52,90,100,1.79
84,Marzuq,YE,2021-03-26 20:06:04,14.4,46.4667,65.75,31,82,5.86
85,Ahipara,NZ,2021-03-26 20:06:04,-35.1667,173.1667,65.62,85,85,12.35
86,Soloneshnoye,RU,2021-03-26 20:06:04,51.6544,84.3197,14.77,91,34,4.59
87,Banda Aceh,ID,2021-03-26 20:06:04,5.5577,95.3222,79.41,82,100,10.85
88,Oussouye,SN,2021-03-26 20:06:05,12.485,-16.5469,89.6,73,0,4.61
89,Rikitea,PF,2021-03-26 20:06:05,-23.1203,-134.9692,79.32,71,2,19.19
90,Nha Trang,VN,2021-03-26 20:06:05,12.25,109.1833,78.8,83,20,6.91
91,Bethel,US,2021-03-26 20:06:06,41.3712,-73.414,80.6,29,40,26.46
92,Fort Nelson,CA,2021-03-26 20:06:06,58.8053,-122.7002,32.0,64,75,10.36
93,Palmer,US,2021-03-26 20:06:06,42.1584,-72.3287,71.6,64,40,12.66
94,Coquimbo,CL,2021-03-26 20:04:01,-29.9533,-71.3436,64.4,63,0,14.97
95,Cap Malheureux,MU,2021-03-26 20:01:07,-19.9842,57.6142,77.0,83,18,2.66
96,Ostrovnoy,RU,2021-03-26 20:06:07,68.0531,39.5131,19.2,83,100,11.86
97,Nerchinskiy Zavod,RU,2021-03-26 20:06:07,51.3088,119.61,26.98,97,100,2.13
98,Mafeteng,LS,2021-03-26 20:06:07,-29.823,27.2374,56.25,52,60,2.48
99,Kavieng,PG,2021-03-26 20:06:07,-2.5744,150.7967,81.34,77,100,8.05
100,Sinnamary,GF,2021-03-26 20:06:08,5.3833,-52.95,80.76,75,35,11.61
101,Ambanja,MG,2021-03-26 20:06:08,-13.6833,48.45,75.79,92,100,3.76
102,Alenquer,BR,2021-03-26 20:06:08,-1.9417,-54.7383,86.0,70,20,6.91
103,Busselton,AU,2021-03-26 20:06:09,-33.65,115.3333,46.99,94,61,5.7
104,Avarua,CK,2021-03-26 20:06:09,-21.2078,-159.775,82.4,74,75,16.11
105,Leo,BF,2021-03-26 20:06:09,11.1,-2.1,87.85,11,71,8.25
106,Constantine,DZ,2021-03-26 20:06:09,36.365,6.6147,59.0,36,0,11.5
107,Chapais,CA,2021-03-26 20:06:10,49.7834,-74.8492,33.8,55,1,12.66
108,Gra Liyia,GR,2021-03-26 20:06:10,35.0167,25.6833,52.0,45,2,6.17
109,Broome,US,2021-03-26 20:06:10,42.2506,-75.833,57.2,51,90,26.46
110,Wabana,CA,2021-03-26 20:06:11,47.6332,-52.9481,51.8,81,90,25.32
111,Crisan,RO,2021-03-26 20:06:11,44.9667,29.4667,41.0,56,97,12.66
112,Port Hedland,AU,2021-03-26 20:06:11,-20.3167,118.5667,78.8,94,0,6.91
113,Nanortalik,GL,2021-03-26 20:06:11,60.1432,-45.2371,12.61,64,76,14.63
114,Port Lincoln,AU,2021-03-26 20:06:12,-34.7333,135.8667,58.87,75,4,8.43
115,Mar Del Plata,AR,2021-03-26 20:05:29,-38.0023,-57.5575,64.4,88,90,23.02
116,La Rioja,ES,2021-03-26 20:06:12,42.25,-2.5,54.0,58,90,3.44
117,Zhanaozen,KZ,2021-03-26 20:06:12,43.3,52.8,40.37,67,88,6.53
118,Acajutla,SV,2021-03-26 20:04:30,13.5928,-89.8275,93.2,27,20,9.22
119,Bani,DO,2021-03-26 20:06:13,18.2833,-70.3333,82.99,74,75,13.8
120,Upernavik,GL,2021-03-26 20:06:13,72.7868,-56.1549,-25.64,86,10,6.87
121,Sambava,MG,2021-03-26 20:02:55,-14.2667,50.1667,77.92,88,100,4.83
122,Evensk,RU,2021-03-26 20:06:13,61.95,159.2333,-11.13,94,91,5.93
123,Namatanai,PG,2021-03-26 20:06:14,-3.6667,152.4333,78.91,81,100,6.46
124,Kalmunai,LK,2021-03-26 20:06:14,7.4167,81.8167,79.47,84,100,1.86
125,Souillac,MU,2021-03-26 20:06:14,-20.5167,57.5167,77.0,94,75,3.44
126,Hofn,IS,2021-03-26 20:06:14,64.2539,-15.2082,23.29,62,100,27.78
127,Beringovskiy,RU,2021-03-26 20:06:15,63.05,179.3167,-0.6,93,100,13.78
128,Saint George,US,2021-03-26 20:06:15,37.1041,-113.5841,57.0,33,40,7.45
129,Grindavik,IS,2021-03-26 20:06:15,63.8424,-22.4338,24.8,58,75,6.91
130,San Luis,AR,2021-03-26 20:06:16,-33.295,-66.3356,58.32,62,87,14.67
131,Lavrentiya,RU,2021-03-26 20:06:16,65.5833,-171.0,-1.97,86,100,7.52
132,Saint-Philippe,RE,2021-03-26 20:06:16,-21.3585,55.7679,78.8,83,0,3.44
133,Groton,US,2021-03-26 20:05:07,41.3501,-72.0784,57.0,94,90,17.27
134,Makakilo City,US,2021-03-26 20:06:17,21.3469,-158.0858,80.6,61,40,3.44
135,Kautokeino,NO,2021-03-26 20:06:17,69.0125,23.0412,32.05,91,100,20.38
136,Valday,RU,2021-03-26 20:06:17,57.9747,33.2525,33.37,95,100,0.4
137,Dikson,RU,2021-03-26 20:06:18,73.5069,80.5464,-9.85,100,100,10.74
138,Camana,PE,2021-03-26 20:06:18,-16.6228,-72.7111,72.81,74,98,8.14
139,Patiya,BD,2021-03-26 20:06:18,22.2931,91.9762,71.29,42,15,5.64
140,Syracuse,IT,2021-03-26 20:03:46,37.0881,15.2792,53.6,81,0,5.75
141,Buluang,PH,2021-03-26 20:06:19,13.3068,123.3425,74.08,93,99,2.73
142,Margate,GB,2021-03-26 20:06:19,51.3813,1.3862,44.01,82,100,4.0
143,Tuatapere,NZ,2021-03-26 20:06:20,-46.1333,167.6833,57.99,81,100,1.01
144,Mackay,AU,2021-03-26 20:06:20,-21.15,149.2,71.6,88,1,4.61
145,Alekseyevsk,RU,2021-03-26 20:06:20,57.8406,108.3492,17.51,98,100,1.16
146,Barrow,US,2021-03-26 20:06:21,71.2906,-156.7887,-13.0,92,1,3.58
147,Abomey,BJ,2021-03-26 20:06:21,7.1829,1.9912,81.18,61,54,11.41
148,Nurota,UZ,2021-03-26 20:06:21,40.5614,65.6886,57.2,88,0,6.91
149,Bahia Blanca,AR,2021-03-26 20:06:21,-38.7196,-62.2724,65.41,62,100,15.99
150,Kuytun,RU,2021-03-26 20:06:22,54.3419,101.5036,24.55,88,100,13.8
151,Leningradskiy,RU,2021-03-26 20:06:22,69.3833,178.4167,-24.09,97,67,3.31
152,Matagami,CA,2021-03-26 20:06:22,49.7502,-77.6328,33.8,55,1,11.5
153,Okhotsk,RU,2021-03-26 20:06:23,59.3833,143.3,-10.41,97,42,7.36
154,Hefei,CN,2021-03-26 20:06:23,31.8639,117.2808,59.0,94,75,8.95
155,Berlevag,NO,2021-03-26 20:06:23,70.8578,29.0864,28.4,59,0,34.52
156,Bria,CF,2021-03-26 20:06:23,6.5423,21.9863,70.05,87,90,3.53
157,Khatanga,RU,2021-03-26 20:06:24,71.9667,102.5,-12.41,99,91,2.37
158,Naze,JP,2021-03-26 20:06:24,28.3667,129.4833,63.3,68,2,13.35
159,Nishihara,JP,2021-03-26 20:06:24,26.1842,127.7558,69.8,73,40,17.27
160,Bulgan,MN,2021-03-26 20:02:20,48.8125,103.5347,28.74,74,10,23.64
161,Kruisfontein,ZA,2021-03-26 20:06:25,-34.0033,24.7314,66.99,68,28,3.0
162,Maun,BW,2021-03-26 20:06:25,-19.9833,23.4167,73.4,100,75,2.3
163,Maniitsoq,GL,2021-03-26 20:06:26,65.4167,-52.9,0.84,76,100,20.85
164,Umm Lajj,SA,2021-03-26 20:06:26,25.0213,37.2685,69.1,50,2,14.09
165,Arraial Do Cabo,BR,2021-03-26 20:06:26,-22.9661,-42.0278,89.6,74,0,14.97
166,Tieli,CN,2021-03-26 20:06:26,46.95,128.05,40.03,89,100,9.6
167,Longyearbyen,SJ,2021-03-26 20:05:28,78.2186,15.6401,19.4,63,40,18.41
168,Bougouni,ML,2021-03-26 20:06:27,11.417,-7.479,88.36,11,0,5.3
169,Cabo San Lucas,MX,2021-03-26 20:06:27,22.8909,-109.9124,75.99,53,40,13.8
170,Kolno,PL,2021-03-26 20:06:27,53.4115,21.9291,37.4,100,85,8.61
171,Rawson,AR,2021-03-26 20:06:28,-43.3002,-65.1023,65.59,47,0,10.29
172,Pisco,PE,2021-03-26 20:06:28,-13.7,-76.2167,77.0,57,0,25.32
173,Shizunai,JP,2021-03-26 20:06:28,42.3339,142.3669,32.43,67,19,10.29
174,Geraldton,AU,2021-03-26 20:06:29,-28.7667,114.6,62.6,77,7,11.5
175,Khovu-Aksy,RU,2021-03-26 20:06:29,51.1333,93.6,9.16,83,2,3.27
176,Kapaa,US,2021-03-26 20:06:29,22.0752,-159.319,75.2,88,40,5.75
177,Barguzin,RU,2021-03-26 20:06:30,53.6167,109.6167,20.16,88,100,4.76
178,Vanimo,PG,2021-03-26 20:06:30,-2.6741,141.3028,76.55,89,99,4.85
179,Bowen,AU,2021-03-26 20:06:30,-20.0167,148.2333,73.4,94,43,4.61
180,Rwamagana,RW,2021-03-26 20:06:30,-1.9487,30.4347,68.0,73,75,6.91
181,Nouadhibou,MR,2021-03-26 20:06:31,20.931,-17.0347,68.0,73,20,18.41
182,Georgetown,MY,2021-03-26 20:02:02,5.4112,100.3354,78.01,94,20,1.12
183,Ishigaki,JP,2021-03-26 20:06:31,24.3448,124.1572,73.06,84,3,19.28
184,Camacha,PT,2021-03-26 20:06:31,33.0833,-16.3333,64.4,88,40,12.66
185,Manyana,BW,2021-03-26 20:06:32,-23.4,21.7167,70.0,67,53,11.5
186,Soller,ES,2021-03-26 20:06:32,39.7662,2.7152,59.0,82,20,2.3
187,Manokwari,ID,2021-03-26 20:06:32,-0.8667,134.0833,77.67,85,94,4.27
188,Hasaki,JP,2021-03-26 20:03:54,35.7333,140.8333,37.4,87,0,2.3
189,Padang,ID,2021-03-26 20:04:43,-0.9492,100.3543,77.0,94,90,2.3
190,Vostok,RU,2021-03-26 20:06:32,46.4856,135.8833,23.5,91,100,4.81
191,Warrnambool,AU,2021-03-26 20:06:33,-38.3833,142.4833,55.99,89,99,1.99
192,Maturin,VE,2021-03-26 20:06:33,9.75,-63.1767,87.94,43,100,11.16
193,Gunjur,GM,2021-03-26 20:06:33,13.2019,-16.7339,73.4,68,9,10.36
194,Zhuji,CN,2021-03-26 20:06:34,29.7188,120.2423,66.2,72,0,4.47
195,Rapid Valley,US,2021-03-26 20:06:34,44.0625,-103.1463,46.4,49,75,16.11
196,Kyra,RU,2021-03-26 20:06:34,49.5776,111.9753,30.13,59,100,4.25
197,Victoria,HK,2021-03-26 20:06:10,22.2855,114.1577,73.0,88,99,8.81
198,Chokurdakh,RU,2021-03-26 20:06:34,70.6333,147.9167,-31.85,100,76,4.47
199,Severo-Kurilsk,RU,2021-03-26 20:06:35,50.6789,156.125,26.74,92,100,17.76
200,Fairbanks,US,2021-03-26 20:06:35,64.8378,-147.7164,25.0,93,75,4.61
201,New Berlin,US,2021-03-26 20:03:33,42.9764,-88.1084,41.0,70,90,5.75
202,Atikokan,CA,2021-03-26 20:06:35,48.7555,-91.6216,37.45,61,96,6.04
203,Clyde River,CA,2021-03-26 20:06:35,70.4692,-68.5914,-5.8,65,75,4.94
204,Beira,MZ,2021-03-26 20:06:36,-19.8436,34.8389,77.0,88,20,5.75
205,Beloha,MG,2021-03-26 20:06:36,-25.1667,45.05,73.56,83,1,3.36
206,Vaitape,PF,2021-03-26 20:06:36,-16.5167,-151.75,83.28,72,4,21.54
207,Walvis Bay,NA,2021-03-26 20:06:37,-22.9575,14.5053,63.0,88,36,9.22
208,Laramie,US,2021-03-26 20:05:08,41.3114,-105.5911,37.99,69,90,10.36
209,Kyren,RU,2021-03-26 20:06:37,51.6828,102.1408,28.56,90,100,4.21
210,Wewak,PG,2021-03-26 20:06:37,-3.5534,143.6268,77.05,90,100,8.19
211,Ambilobe,MG,2021-03-26 20:06:37,-13.2,49.05,73.26,95,100,2.44
212,Akcakoca,TR,2021-03-26 20:06:38,41.0866,31.1162,38.07,97,100,7.45
213,Saint-Francois,FR,2021-03-26 20:06:38,46.4154,3.9054,52.0,87,88,3.44
214,Carnarvon,AU,2021-03-26 20:06:38,-24.8667,113.6333,75.2,73,100,12.66
215,Terney,RU,2021-03-26 20:06:38,45.0503,136.6092,32.99,74,100,4.68
216,Gonaives,HT,2021-03-26 20:06:39,19.45,-72.6833,88.16,44,16,13.6
217,Coihaique,CL,2021-03-26 20:06:39,-45.5752,-72.0662,62.6,55,75,5.75
218,Freeport,US,2021-03-26 20:05:49,40.6576,-73.5832,80.6,52,1,14.97
219,Eureka,US,2021-03-26 20:06:25,40.8021,-124.1637,57.99,62,0,5.99
220,Nara,JP,2021-03-26 20:06:39,34.6851,135.8049,46.0,81,76,1.01
221,Tupelo,US,2021-03-26 20:06:40,34.2576,-88.7034,73.4,40,1,2.26
222,Atar,MR,2021-03-26 20:06:40,20.5169,-13.0499,85.96,8,10,6.46
223,Nyrob,RU,2021-03-26 20:06:40,60.733,56.7202,32.02,94,100,5.14
224,Mahajanga,MG,2021-03-26 20:06:40,-15.7167,46.3167,78.8,89,20,3.44
225,Rabo De Peixe,PT,2021-03-26 20:06:41,37.8,-25.5833,57.2,67,20,11.5
226,Saint Anthony,US,2021-03-26 20:06:41,45.0205,-93.218,45.0,52,1,5.75
227,Namibe,AO,2021-03-26 20:06:26,-15.1961,12.1522,74.28,83,100,5.66
228,Bettiah,IN,2021-03-26 20:06:41,26.8,84.5,70.32,19,0,4.47
229,Tocopilla,CL,2021-03-26 20:06:41,-22.092,-70.1979,71.94,68,15,8.77
230,Neuquen,AR,2021-03-26 20:01:47,-38.9516,-68.0591,77.0,27,0,9.22
231,Manoharpur,IN,2021-03-26 20:06:42,27.3,75.95,72.18,36,0,1.97
232,Castrovillari,IT,2021-03-26 20:06:42,39.8203,16.2123,51.01,72,3,1.01
233,Tavricheskoye,RU,2021-03-26 20:06:42,54.5851,73.6395,23.0,86,0,4.47
234,Ossora,RU,2021-03-26 20:06:42,59.2353,163.0719,-6.54,89,18,5.17
235,Zilair,RU,2021-03-26 20:06:43,52.2332,57.4392,23.45,89,100,6.89
236,Birjand,IR,2021-03-26 20:06:43,32.8663,59.2211,77.0,11,90,6.91
237,Kahului,US,2021-03-26 20:06:43,20.8947,-156.47,80.6,74,20,5.75
238,Canakkale,TR,2021-03-26 20:06:43,40.0833,26.8333,37.4,75,0,3.44
239,Laguna,US,2021-03-26 20:06:44,38.421,-121.4238,70.0,19,1,13.8
240,Alta Floresta,BR,2021-03-26 20:06:44,-9.8756,-56.0861,89.6,51,40,4.61
241,San Remo,IT,2021-03-26 20:06:44,43.8182,7.7612,54.0,94,40,11.5
242,Ancud,CL,2021-03-26 20:06:45,-41.8697,-73.8203,60.8,67,20,6.91
243,Xai-Xai,MZ,2021-03-26 20:06:45,-25.0519,33.6442,73.47,83,57,7.63
244,San Francisco,US,2021-03-26 20:04:19,37.7749,-122.4194,68.0,32,1,6.78
245,Haines Junction,CA,2021-03-26 20:06:45,60.7522,-137.5108,24.8,63,100,3.44
246,Kattivakkam,IN,2021-03-26 20:06:45,13.2167,80.3167,80.6,83,40,2.3
247,Mount Isa,AU,2021-03-26 20:06:46,-20.7333,139.5,71.6,33,0,8.05
248,Boende,CD,2021-03-26 20:06:46,-0.2167,20.8667,70.23,97,97,2.33
249,Waingapu,ID,2021-03-26 20:06:46,-9.6567,120.2641,77.13,85,100,5.37
250,Comodoro Rivadavia,AR,2021-03-26 20:06:47,-45.8667,-67.5,64.4,52,0,9.22
251,Anqing,CN,2021-03-26 20:04:19,30.5092,117.0506,63.79,92,99,4.59
252,Silvino Lobos,PH,2021-03-26 20:06:47,12.3,124.8333,72.63,98,87,2.1
253,Tripoli,LY,2021-03-26 20:06:47,32.8752,13.1875,57.87,58,0,9.82
254,Bagan,RU,2021-03-26 20:06:47,54.1001,77.6646,12.88,96,44,7.31
255,Pijijiapan,MX,2021-03-26 20:06:48,15.7011,-93.23,91.6,39,14,10.49
256,Avera,US,2021-03-26 20:06:48,33.194,-82.5271,66.2,80,90,4.61
257,Henties Bay,NA,2021-03-26 20:06:48,-22.116,14.2845,63.0,92,0,5.99
258,Torbay,CA,2021-03-26 20:05:28,47.6666,-52.7314,48.99,81,90,25.32
259,Siuna,NI,2021-03-26 20:06:49,13.7332,-84.7773,93.72,30,9,8.03
260,Flinders,AU,2021-03-26 20:06:49,-34.5833,150.8552,61.0,88,16,1.01
261,Norton Shores,US,2021-03-26 20:03:47,43.1689,-86.2639,43.0,61,90,8.05
262,Kadirli,TR,2021-03-26 20:06:49,37.3739,36.0961,44.01,68,63,4.65
263,Mao,ES,2021-03-26 20:06:49,39.8885,4.2658,55.4,88,0,5.75
264,Karratha,AU,2021-03-26 20:06:50,-20.7377,116.8463,81.34,69,0,7.18
265,Brooks,CA,2021-03-26 20:06:34,50.5834,-111.8851,37.4,56,100,2.3
266,Santa Barbara,US,2021-03-26 20:05:12,34.7333,-120.0343,64.99,51,1,4.61
267,Shimoda,JP,2021-03-26 20:06:22,34.6667,138.95,46.99,69,42,3.0
268,Paamiut,GL,2021-03-26 20:06:50,61.994,-49.6678,4.05,64,49,26.37
269,Dalmeny,CA,2021-03-26 20:06:50,52.3334,-106.7679,34.0,51,90,10.36
270,Cacapava Do Sul,BR,2021-03-26 20:06:51,-30.5122,-53.4914,71.19,85,100,4.45
271,Asau,RO,2021-03-26 20:06:51,46.4333,26.4,34.0,58,7,4.47
272,Koumac,NC,2021-03-26 20:06:51,-20.5667,164.2833,77.36,76,3,3.22
273,New Norfolk,AU,2021-03-26 20:06:52,-42.7826,147.0587,54.0,78,100,1.34
274,Balkhash,KZ,2021-03-26 20:06:52,46.844,74.9804,36.88,82,80,1.32
275,Kalety,PL,2021-03-26 20:06:52,50.5627,18.8926,51.01,66,0,11.5
276,Ribeira Grande,PT,2021-03-26 20:06:52,38.5167,-28.7,60.8,59,20,12.66
277,Springfield,US,2021-03-26 20:06:53,37.2153,-93.2982,66.0,48,1,8.05
278,Piojo,CO,2021-03-26 20:06:53,10.7485,-75.1078,89.6,58,0,14.97
279,Itoman,JP,2021-03-26 20:06:53,26.1247,127.6694,69.8,78,20,11.5
280,Luderitz,NA,2021-03-26 20:06:54,-26.6481,15.1594,63.55,79,0,9.01
281,Ghatampur,IN,2021-03-26 20:06:54,26.1667,80.1667,74.86,19,0,4.29
282,Assiniboia,CA,2021-03-26 20:06:54,49.6334,-105.9845,32.0,55,99,8.05
283,Labytnangi,RU,2021-03-26 20:06:54,66.6572,66.4183,4.03,92,69,5.12
284,Iqaluit,CA,2021-03-26 20:06:55,63.7506,-68.5145,-11.0,58,1,17.27
285,Ponta Do Sol,PT,2021-03-26 20:06:55,32.6667,-17.1,66.2,88,40,8.05
286,Ubauro,PK,2021-03-26 20:06:55,28.1652,69.7289,82.0,19,0,4.99
287,Kloulklubed,PW,2021-03-26 20:06:56,7.0419,134.2556,77.0,94,75,6.91
288,Alakurtti,RU,2021-03-26 20:06:56,66.9672,30.3491,28.99,76,100,4.0
289,San Pedro,PH,2021-03-26 20:06:56,14.35,121.0167,80.6,78,20,1.14
290,Klyuchi,RU,2021-03-26 20:06:56,52.2667,79.1667,15.4,96,95,4.92
291,Vila Franca Do Campo,PT,2021-03-26 20:06:57,37.7167,-25.4333,57.2,67,20,11.5
292,Pilar,BR,2021-03-26 20:03:09,-9.5972,-35.9567,77.0,88,75,5.75
293,Kimbe,PG,2021-03-26 20:06:57,-5.5502,150.1429,75.49,91,100,4.16
294,Baker City,US,2021-03-26 20:06:57,44.7749,-117.8344,48.2,43,75,8.05
295,Lompoc,US,2021-03-26 20:06:11,34.6391,-120.4579,63.0,63,1,16.11
296,Acarau,BR,2021-03-26 20:06:58,-2.8856,-40.12,77.45,83,99,10.54
297,Talnakh,RU,2021-03-26 20:06:58,69.4865,88.3972,15.15,92,100,9.71
298,Kidal,ML,2021-03-26 20:06:58,18.4411,1.4078,78.67,9,0,13.22
299,Yuza,JP,2021-03-26 20:06:58,39.0,139.9167,42.15,81,71,5.17
300,Amboise,FR,2021-03-26 20:06:59,47.4125,0.9827,45.0,93,75,12.66
301,Tongzi,CN,2021-03-26 20:06:59,28.7829,105.0877,57.63,79,99,1.88
302,Knysna,ZA,2021-03-26 20:06:59,-34.0363,23.0471,66.2,77,75,3.44
303,Xifeng,CN,2021-03-26 20:07:00,42.7372,124.7222,51.15,50,100,14.61
304,Te Anau,NZ,2021-03-26 20:07:00,-45.4167,167.7167,54.16,80,100,1.45
305,Sambalpur,IN,2021-03-26 20:07:00,21.45,83.9667,75.16,27,0,3.49
306,Marawi,PH,2021-03-26 20:07:00,7.9986,124.2928,73.99,90,91,5.01
307,Faya,SA,2021-03-26 20:07:01,18.3851,42.4509,66.2,63,0,1.39
308,Quesnel,CA,2021-03-26 20:04:53,52.9999,-122.5029,41.0,70,90,6.91
309,Ust-Nera,RU,2021-03-26 20:07:01,64.5667,143.2,-17.79,97,99,3.76
310,Mecca,SA,2021-03-26 20:03:51,21.4267,39.8261,74.26,46,1,7.54
311,Krasnoarmeyskoye,RU,2021-03-26 20:07:01,52.7182,50.0322,24.75,98,91,9.64
312,Hirara,JP,2021-03-26 20:07:02,24.8,125.2833,72.0,83,100,20.56
313,Tambura,SS,2021-03-26 20:07:02,5.6,27.4667,68.68,87,100,8.32
314,Honiara,SB,2021-03-26 20:07:02,-9.4333,159.95,77.92,84,91,6.96
315,Vikulovo,RU,2021-03-26 20:07:03,56.8167,70.6107,32.85,98,100,8.79
316,Boa Vista,BR,2021-03-26 20:04:33,2.8197,-60.6733,95.0,38,40,3.44
317,Brewster,US,2021-03-26 20:02:15,41.3973,-73.6171,80.6,41,75,13.8
318,Cervo,ES,2021-03-26 20:07:03,43.6702,-7.4101,51.01,78,58,1.01
319,Kalemie,CD,2021-03-26 20:07:03,-5.9475,29.1947,68.81,91,100,7.18
320,Lagos,NG,2021-03-26 20:04:04,6.5833,3.75,84.2,74,20,10.36
321,Limbang,MY,2021-03-26 20:07:03,4.75,115.0,77.0,100,75,5.75
322,Ust-Kuyga,RU,2021-03-26 20:07:04,70.0167,135.6,-4.18,93,100,5.84
323,Sao Bartolomeu De Messines,PT,2021-03-26 20:07:04,37.2602,-8.2867,62.6,77,0,4.61
324,Areka,ET,2021-03-26 20:07:04,7.0667,37.7,64.72,16,4,7.23
325,Viedma,AR,2021-03-26 20:07:05,-40.8135,-62.9967,68.4,27,45,12.5
326,Flin Flon,CA,2021-03-26 20:07:05,54.7682,-101.865,21.2,58,75,11.5
327,Regeneracao,BR,2021-03-26 20:07:05,-6.2378,-42.6883,80.19,78,82,2.44
328,Raudeberg,NO,2021-03-26 20:07:05,61.9875,5.1352,44.01,89,100,30.82
329,Pompeu,BR,2021-03-26 20:07:06,-19.2244,-44.9353,78.53,52,94,1.57
330,Katsuura,JP,2021-03-26 20:07:06,35.1333,140.3,51.8,58,0,16.11
331,Puerto Escondido,MX,2021-03-26 20:07:06,15.85,-97.0667,84.2,84,1,4.61
332,Alibag,IN,2021-03-26 20:07:06,18.6411,72.8792,84.2,39,0,3.89
333,Saurimo,AO,2021-03-26 20:07:07,-9.6608,20.3916,65.46,96,100,2.98
334,Los Llanos De Aridane,ES,2021-03-26 20:07:07,28.6585,-17.9182,71.6,49,75,2.3
335,Agadez,NE,2021-03-26 20:07:07,19.75,10.25,66.33,13,0,10.18
336,Snasa,NO,2021-03-26 20:07:08,64.2457,12.3778,46.4,57,0,14.97
337,Daru,PG,2021-03-26 20:07:08,-9.0763,143.2092,77.43,89,100,7.11
338,Bon Accord,CA,2021-03-26 20:07:08,53.8335,-113.4187,37.0,55,75,3.44
339,Sungaipenuh,ID,2021-03-26 20:07:08,-2.0833,101.3833,65.98,98,100,0.69
340,Mandalgovi,MN,2021-03-26 20:07:09,45.7625,106.2708,42.66,29,95,18.92
341,Pevek,RU,2021-03-26 20:07:09,69.7008,170.3133,-30.51,99,97,4.36
342,Kanigoro,ID,2021-03-26 20:07:09,-8.13,112.219,73.63,94,88,2.86
343,Ambulu,ID,2021-03-26 20:07:09,-8.345,113.6058,76.28,90,86,2.33
344,Chake Chake,TZ,2021-03-26 20:07:10,-5.2459,39.7666,80.96,75,98,6.04
345,Berbera,SO,2021-03-26 20:07:10,10.4396,45.0143,77.49,72,16,0.72
346,Marystown,CA,2021-03-26 20:06:21,47.1666,-55.1483,40.77,94,100,8.72
347,Quatre Cocos,MU,2021-03-26 20:07:10,-20.2078,57.7625,77.0,94,75,3.44
348,Port Macquarie,AU,2021-03-26 20:07:10,-31.4333,152.9167,62.01,94,100,5.46
349,Radford,US,2021-03-26 20:07:11,37.1318,-80.5764,73.4,30,1,11.5
350,Alvorada,BR,2021-03-26 20:07:11,-12.48,-49.1247,83.98,58,53,4.47
351,Fortuna,US,2021-03-26 20:07:11,40.5982,-124.1573,57.99,66,1,13.8
352,Tautira,PF,2021-03-26 20:07:11,-17.7333,-149.15,87.8,62,20,5.75
353,Maarianhamina,AX,2021-03-26 20:07:12,60.0973,19.9348,39.2,87,0,6.91
354,Sitka,US,2021-03-26 20:07:12,57.0531,-135.33,41.0,87,90,5.39
355,Villazon,BO,2021-03-26 20:07:12,-22.0866,-65.5942,70.03,23,70,13.33
356,Aswan,EG,2021-03-26 20:07:12,24.0934,32.907,66.6,25,2,19.3
357,Oranjestad,AW,2021-03-26 20:07:13,12.524,-70.027,84.2,61,20,24.16
358,Ketchikan,US,2021-03-26 20:06:07,55.3422,-131.6461,39.2,100,90,6.91
359,Altagracia De Orituco,VE,2021-03-26 20:07:13,9.8601,-66.3814,87.46,37,68,11.01
360,Cordoba,AR,2021-03-26 20:06:40,-31.4135,-64.1811,70.0,64,75,10.36
361,Yar-Sale,RU,2021-03-26 20:07:13,66.8333,70.8333,3.38,89,44,11.41
362,Denizli,TR,2021-03-26 20:07:14,37.8402,29.0698,33.8,80,75,5.75
363,Sumbe,AO,2021-03-26 20:07:14,-11.2061,13.8437,77.27,78,92,2.73
364,Srednekolymsk,RU,2021-03-26 20:07:14,67.45,153.6833,-25.26,99,61,3.53
365,Bonthe,SL,2021-03-26 20:07:14,7.5264,-12.505,79.79,83,7,8.55
366,Nome,US,2021-03-26 20:07:15,64.5011,-165.4064,10.99,79,90,10.36
367,Byron Bay,AU,2021-03-26 20:02:20,-28.65,153.6167,62.6,94,59,4.12
368,San Cristobal,VE,2021-03-26 20:07:15,7.7669,-72.225,75.2,94,75,4.61
369,San Carlos,VE,2021-03-26 20:07:15,9.6612,-68.5827,94.98,29,30,3.2
370,Komsomolskiy,UZ,2021-03-26 20:07:15,40.4272,71.7189,55.4,82,90,2.3
371,Qobustan,AZ,2021-03-26 20:07:16,40.0824,49.412,48.2,87,90,6.91
372,Alihe,CN,2021-03-26 20:05:13,50.5667,123.7167,32.52,99,100,2.42
373,Sayyan,YE,2021-03-26 20:07:16,15.1718,44.3244,57.36,15,13,2.24
374,Svetlaya,RU,2021-03-26 20:07:16,46.5389,138.3297,31.12,83,100,3.74
375,Sembe,CG,2021-03-26 20:07:17,1.6481,14.5806,70.72,96,40,1.41
376,Linguere,SN,2021-03-26 20:07:17,15.3953,-15.1193,102.2,13,0,4.61
377,Burnie,AU,2021-03-26 20:07:17,-41.0667,145.9167,53.01,94,100,1.99
378,Warrington,GB,2021-03-26 20:07:18,53.3925,-2.5802,44.01,87,90,17.27
379,Boddam,GB,2021-03-26 20:07:18,57.4667,-1.7833,39.2,65,70,10.36
380,Omboue,GA,2021-03-26 20:07:18,-1.5746,9.2618,78.15,80,79,6.98
381,Manado,ID,2021-03-26 20:04:58,1.487,124.8455,75.2,88,40,2.3
382,La Macarena,CO,2021-03-26 20:07:19,2.1837,-73.7849,82.6,72,98,2.64
383,Yarmouth,US,2021-03-26 20:03:21,41.7057,-70.2286,57.99,100,90,26.46
384,Kashmor,PK,2021-03-26 20:07:19,28.4333,69.5833,84.09,19,0,7.07
385,At-Bashi,KG,2021-03-26 20:06:11,41.1702,75.8106,39.6,84,100,1.48
386,Rani,IN,2021-03-26 20:07:20,25.3503,73.3089,79.45,17,0,6.33
387,Preobrazheniye,RU,2021-03-26 20:07:20,42.9019,133.9064,35.13,72,100,4.32
388,Sioux Lookout,CA,2021-03-26 20:07:21,50.1001,-91.917,35.6,55,75,10.36
389,Bagdarin,RU,2021-03-26 20:07:21,54.4333,113.6,17.94,97,100,2.91
390,Addanki,IN,2021-03-26 20:07:21,15.8167,79.9833,77.14,77,7,5.55
391,Mikuni,JP,2021-03-26 20:07:22,36.2171,136.1519,41.0,93,75,2.3
392,Samarai,PG,2021-03-26 20:07:22,-10.6167,150.6667,82.62,77,94,9.24
393,Impfondo,CG,2021-03-26 20:07:22,1.6381,18.0667,69.58,95,90,2.06
394,Vargem Grande Do Sul,BR,2021-03-26 20:07:22,-21.8322,-46.8936,93.2,88,75,3.62
395,Broken Hill,AU,2021-03-26 20:07:23,-31.95,141.4333,57.2,88,75,10.36
396,Tahta,EG,2021-03-26 20:07:23,26.7693,31.5021,62.6,39,0,10.36
397,Candabong,PH,2021-03-26 20:07:23,9.7343,124.5383,77.92,87,100,9.4
398,Sudak,UA,2021-03-26 20:07:23,44.85,34.9667,39.25,89,100,3.51
399,Priargunsk,RU,2021-03-26 20:07:24,50.3691,119.1012,31.57,80,63,4.92
400,Kavaratti,IN,2021-03-26 20:07:24,10.5669,72.642,83.17,73,29,3.02
401,San Patricio,US,2021-03-26 20:07:24,28.017,-97.5169,82.0,50,20,12.66
402,Vestmannaeyjar,IS,2021-03-26 20:07:24,63.4427,-20.2734,23.85,68,31,20.69
403,Fort Dodge,US,2021-03-26 20:07:25,42.4975,-94.168,51.8,62,75,6.91
404,Jumla,NP,2021-03-26 20:07:25,29.2747,82.1838,45.55,39,0,4.9
405,Kushiro,JP,2021-03-26 20:07:25,42.975,144.3747,30.45,53,0,8.59
406,Chadiza,ZM,2021-03-26 20:07:25,-14.0678,32.4392,64.26,91,5,1.41
407,Kasane,BW,2021-03-26 20:07:26,-17.8167,25.15,69.1,74,34,1.14
408,Mitu,CO,2021-03-26 20:07:26,1.1983,-70.1733,77.5,90,96,3.29
409,Bambous Virieux,MU,2021-03-26 20:07:26,-20.3428,57.7575,77.0,94,75,3.44
410,Kayerkan,RU,2021-03-26 20:07:26,69.3497,87.7602,16.74,87,100,15.64
411,Krasnoselkup,RU,2021-03-26 20:07:27,65.7,82.4667,24.06,94,100,15.82
412,Carupano,VE,2021-03-26 20:07:27,10.6678,-63.2585,79.32,71,40,13.27
413,Porto Belo,BR,2021-03-26 20:03:21,-27.1578,-48.5531,84.2,70,20,9.22
414,Springhill,US,2021-03-26 20:05:01,33.006,-93.4668,78.01,59,0,6.08
415,Olinda,BR,2021-03-26 20:07:27,-8.0089,-34.8553,80.6,65,75,14.97
416,Aberdeen,GB,2021-03-26 20:07:28,57.1437,-2.0981,39.2,65,35,10.36
417,Casablanca,MA,2021-03-26 20:07:28,33.5928,-7.6192,64.4,52,0,11.5
418,Chara,RU,2021-03-26 20:07:28,56.9064,118.2631,19.54,92,100,1.77
419,Prachuap Khiri Khan,TH,2021-03-26 20:07:29,12.2167,99.75,82.99,64,72,3.06
420,Adrar,MR,2021-03-26 20:07:29,20.5022,-10.0711,80.08,7,0,10.74
421,Vanderhoof,CA,2021-03-26 20:07:29,54.0166,-124.0198,40.6,66,100,10.0
422,Ghanzi,BW,2021-03-26 20:07:29,-21.5667,21.7833,67.3,82,68,8.7
423,Tura,IN,2021-03-26 20:07:30,25.5198,90.2201,71.83,13,0,3.0
424,Zemetchino,RU,2021-03-26 20:07:30,53.4973,42.6163,33.44,99,100,5.37
425,Innisfail,AU,2021-03-26 20:07:30,-17.5333,146.0333,74.97,92,39,4.05
426,Odweyne,SO,2021-03-26 20:07:31,9.4092,45.064,69.44,53,32,4.41
427,Medicine Hat,CA,2021-03-26 20:06:49,50.0501,-110.6683,35.01,80,75,2.3
428,Monrovia,LR,2021-03-26 20:07:31,6.3005,-10.7969,80.6,89,20,3.44
429,Ouallam,NE,2021-03-26 20:07:31,14.3188,2.0866,87.33,12,0,12.73
430,Norman Wells,CA,2021-03-26 20:07:31,65.282,-126.8329,21.2,53,20,5.75
431,Kotelnikovo,RU,2021-03-26 20:07:32,47.6317,43.1461,33.06,99,100,10.92
432,Bonfim,BR,2021-03-26 20:07:32,3.0833,-59.95,88.92,48,100,5.79
433,Kota Kinabalu,MY,2021-03-26 20:07:32,5.9749,116.0724,77.0,94,20,1.14
434,Valencia,ES,2021-03-26 20:07:32,39.3333,-0.8333,59.0,82,100,4.61
435,Mogok,MM,2021-03-26 20:07:33,22.9167,96.5,63.84,25,6,1.61
436,Narsaq,GL,2021-03-26 20:07:33,60.9167,-46.05,12.2,40,1,6.91
437,Lufilufi,WS,2021-03-26 20:07:33,-13.8745,-171.5986,78.8,94,40,3.44
438,Panalingaan,PH,2021-03-26 20:07:33,8.7842,117.4231,77.58,85,52,1.99
439,Vila Velha,BR,2021-03-26 20:07:34,-20.3297,-40.2925,82.4,69,0,10.36
440,Arlit,NE,2021-03-26 20:07:34,18.7369,7.3853,72.07,11,0,20.02
441,Balaipungut,ID,2021-03-26 20:07:34,1.05,101.2833,77.0,100,20,1.14
442,Mehamn,NO,2021-03-26 20:07:34,71.0357,27.8492,35.6,59,0,34.52
443,Emba,KZ,2021-03-26 20:07:35,48.8264,58.1442,32.52,91,100,13.51
444,Maputo,MZ,2021-03-26 20:05:45,-25.9653,32.5892,75.99,88,75,3.44
445,Dongsheng,CN,2021-03-26 20:07:35,39.8161,109.9776,41.72,26,35,8.46
446,Verkhnyaya Inta,RU,2021-03-26 20:07:35,65.9811,60.3094,13.75,95,100,7.0
447,Steamboat Springs,US,2021-03-26 20:07:35,40.485,-106.8317,39.0,69,90,11.5
448,Sur,OM,2021-03-26 20:07:36,22.5667,59.5289,79.43,53,93,7.72
449,Ambovombe,MG,2021-03-26 20:07:36,-25.1667,46.0833,74.12,84,5,2.35
450,Dolores,AR,2021-03-26 20:07:36,-36.3132,-57.6792,65.26,91,100,11.25
451,Poros,GR,2021-03-26 20:07:36,37.4994,23.4536,52.0,50,3,3.0
452,Grand Gaube,MU,2021-03-26 20:07:37,-20.0064,57.6608,77.0,83,21,2.64
453,Ayan,RU,2021-03-26 20:07:37,56.45,138.1667,1.49,92,37,4.83
454,Lima,PE,2021-03-26 20:04:47,-12.0432,-77.0282,75.99,64,0,9.22
455,Kagoro,NG,2021-03-26 20:07:37,9.6,8.3833,82.02,14,34,8.93
456,Formby,GB,2021-03-26 20:07:38,53.5536,-3.0682,43.0,84,57,8.01
457,Acari,PE,2021-03-26 20:07:38,-15.4311,-74.6158,79.84,59,55,11.05
458,Sadovo,BG,2021-03-26 20:07:38,42.1333,24.9333,48.0,49,91,9.22
459,Niamey,NE,2021-03-26 20:07:38,13.5137,2.1098,96.8,11,15,10.36
460,Tual,ID,2021-03-26 20:07:39,-5.6667,132.75,83.62,68,91,3.13
461,Bilibino,RU,2021-03-26 20:07:39,68.0546,166.4372,-24.99,99,98,2.24
462,Aykhal,RU,2021-03-26 20:07:39,66.0,111.5,11.32,95,100,8.08
463,Bahile,PH,2021-03-26 20:07:40,9.9995,118.7878,76.84,88,100,1.07
464,Bend,US,2021-03-26 20:03:23,44.0582,-121.3153,52.0,27,1,3.31
465,Panacan,PH,2021-03-26 20:07:40,9.2463,118.4082,78.87,84,26,8.03
466,Dneprovskaya,RU,2021-03-26 20:07:40,45.6236,38.8081,39.0,91,97,3.83
467,Santiago,CL,2021-03-26 20:05:46,-33.4569,-70.6483,80.01,15,0,11.5
468,Kano,NG,2021-03-26 20:07:41,12.0001,8.5167,82.4,13,100,8.05
469,Vestmanna,FO,2021-03-26 20:07:41,62.1564,-7.1664,39.2,41,20,25.32
470,Rudbar,AF,2021-03-26 20:07:41,30.15,62.6,83.01,15,0,8.14
471,Indiaroba,BR,2021-03-26 20:07:41,-11.5192,-37.5117,79.59,64,55,6.42
472,Torrington,US,2021-03-26 20:07:42,41.8007,-73.1212,72.0,68,25,5.99
473,Morro Bay,US,2021-03-26 20:04:46,35.3658,-120.8499,61.0,69,1,8.01
474,San Pedro De Macoris,DO,2021-03-26 20:03:23,18.4616,-69.2972,87.8,62,40,6.91
475,Poum,NC,2021-03-26 20:07:42,-20.2333,164.0167,79.84,73,7,13.49
476,Khasan,RU,2021-03-26 20:07:42,42.4308,130.6434,38.39,95,100,4.32
477,Trabzon,TR,2021-03-26 20:07:43,40.9167,39.8333,42.8,87,75,2.35
478,Hualmay,PE,2021-03-26 20:07:43,-11.0964,-77.6139,74.46,72,34,9.84
479,Bhongaon,IN,2021-03-26 20:07:43,27.25,79.1833,73.11,20,0,6.64
480,Marsabit,KE,2021-03-26 20:06:24,2.3284,37.9899,72.55,38,77,7.29
481,Nantucket,US,2021-03-26 20:03:46,41.2835,-70.0995,54.0,100,90,20.71
482,Cumana,VE,2021-03-26 20:06:19,10.4635,-64.1775,79.21,73,48,18.05
483,Tessalit,ML,2021-03-26 20:07:44,20.1986,1.0114,77.4,9,0,13.62
484,Skibbereen,IE,2021-03-26 20:07:44,51.55,-9.2667,37.4,75,20,12.66
485,Banff,CA,2021-03-26 20:06:31,51.1762,-115.5698,37.4,41,100,9.22
486,Ilhabela,BR,2021-03-26 20:07:44,-23.7781,-45.3581,80.37,79,22,4.09
487,Huarmey,PE,2021-03-26 20:07:44,-10.0681,-78.1522,75.42,72,19,11.05
488,Nalut,LY,2021-03-26 20:06:08,30.3333,10.85,58.77,22,0,9.55
489,Solnechnyy,RU,2021-03-26 20:07:45,50.7214,136.6319,20.79,94,51,3.83
490,Ternate,ID,2021-03-26 20:07:45,0.8,127.4,79.7,84,100,9.62
491,Capinzal,BR,2021-03-26 20:07:45,-27.3436,-51.6119,79.54,76,73,3.15
492,Port Hawkesbury,CA,2021-03-26 20:06:47,45.6169,-61.3485,50.0,93,90,5.75
493,Touros,BR,2021-03-26 20:07:46,-5.1989,-35.4608,78.8,83,75,6.91
494,Puerto Carreno,CO,2021-03-26 20:07:46,6.189,-67.4859,90.73,45,100,3.65
495,Tabat,ID,2021-03-26 20:07:46,-2.635,115.2274,73.85,98,100,1.25
496,Synevyr,UA,2021-03-26 20:07:47,48.4875,23.6258,43.0,61,100,2.84
497,Adiake,CI,2021-03-26 20:07:47,5.2863,-3.304,82.4,83,20,6.91
498,Turukhansk,RU,2021-03-26 20:07:47,65.8167,87.9833,25.7,96,100,12.97
499,Sovetskiy,RU,2021-03-26 20:07:47,61.3614,63.5842,24.44,93,12,6.33
500,Moba,CN,2021-03-26 20:07:48,33.2288,105.0179,45.66,48,100,2.68
501,Belyy Yar,RU,2021-03-26 20:07:48,53.6039,91.3903,21.2,79,0,6.71
502,Monroe,US,2021-03-26 20:06:01,43.1501,-77.6831,45.0,81,90,21.85
503,Skjervoy,NO,2021-03-26 20:07:48,70.0311,20.9714,35.6,51,0,3.44
504,Nuuk,GL,2021-03-26 20:06:40,64.1835,-51.7216,-2.0,55,20,23.02
505,Port Keats,AU,2021-03-26 20:07:48,-14.25,129.55,77.95,85,100,5.41
506,Santa Maria,BR,2021-03-26 20:07:49,-29.6842,-53.8069,72.48,90,100,3.33
507,Obo,CF,2021-03-26 20:07:49,5.3998,26.4869,67.26,87,100,9.89
508,Isabela,PH,2021-03-26 20:07:49,6.7085,121.9711,78.89,83,55,3.02
509,Taungdwingyi,MM,2021-03-26 20:07:50,20.0167,95.55,81.79,30,55,5.61
510,Araras,BR,2021-03-26 20:07:50,-22.3569,-47.3842,93.2,40,40,4.61
511,Montevideo,UY,2021-03-26 20:07:02,-34.8335,-56.1674,72.0,94,75,8.05
512,Araouane,ML,2021-03-26 20:07:50,18.9048,-3.5265,77.32,5,0,9.75
513,Dhidhdhoo,MV,2021-03-26 20:07:50,6.8833,73.1,83.86,70,100,5.66
514,Dondo,MZ,2021-03-26 20:04:19,-19.6094,34.7431,77.0,88,20,5.75
515,Axim,GH,2021-03-26 20:07:51,4.8699,-2.2405,80.19,83,7,4.34
516,Amapa,BR,2021-03-26 20:07:51,1.0,-52.0,80.22,80,15,4.79
517,Ponta Delgada,PT,2021-03-26 20:07:51,37.7333,-25.6667,57.2,67,20,11.5
518,Tabou,CI,2021-03-26 20:07:51,4.423,-7.3528,79.02,87,2,6.26
519,Bousso,TD,2021-03-26 20:07:52,10.4795,16.7117,88.52,13,61,9.33
520,Irbeyskoye,RU,2021-03-26 20:07:52,55.6428,95.4522,25.77,89,100,11.25
521,Bonnyville,CA,2021-03-26 20:07:52,54.2668,-110.735,30.2,51,75,14.97
522,Yambio,SS,2021-03-26 20:07:53,4.5721,28.3955,70.27,91,100,8.48
523,Dawlatabad,AF,2021-03-26 20:07:53,36.4141,64.9053,69.62,53,86,0.65
524,Clifton,US,2021-03-26 20:07:53,40.8584,-74.1638,82.4,29,20,25.32
525,Son La,VN,2021-03-26 20:07:53,21.3167,103.9,67.42,96,18,3.33
526,Albury,AU,2021-03-26 20:07:35,-36.0833,146.9167,55.4,100,90,1.14
527,Mirnyy,RU,2021-03-26 20:07:54,62.5353,113.9611,4.39,96,27,4.88
528,Batagay-Alyta,RU,2021-03-26 20:07:54,67.8006,130.4114,-11.0,97,100,3.53
529,Vilyuysk,RU,2021-03-26 20:07:54,63.7553,121.6247,10.74,96,35,5.93
530,Soe,ID,2021-03-26 20:07:55,-9.8607,124.284,65.88,95,100,1.77
531,Blind River,CA,2021-03-26 20:07:55,46.1834,-82.9582,35.6,64,40,10.36
532,Biak,ID,2021-03-26 20:07:55,-0.9131,122.8766,74.75,91,100,2.71
533,Sechura,PE,2021-03-26 20:07:56,-5.5569,-80.8222,82.4,54,18,14.81
534,Ventspils,LV,2021-03-26 20:07:56,57.3894,21.5606,33.8,93,0,8.95
535,Sept-Iles,CA,2021-03-26 20:07:56,50.2001,-66.3821,37.0,44,90,16.11
536,Darhan,MN,2021-03-26 20:07:56,49.4867,105.9228,36.25,72,100,8.66
537,Shimanovsk,RU,2021-03-26 20:07:56,52.0,127.7,29.19,89,100,9.66
538,Kondinskoye,RU,2021-03-26 20:07:57,59.6481,67.41,32.92,95,100,4.32
539,Royan,FR,2021-03-26 20:07:57,45.6285,-1.0281,51.8,87,75,19.57
540,Kadhan,PK,2021-03-26 20:07:57,24.481,68.9859,81.91,28,0,13.02
541,Wangaratta,AU,2021-03-26 20:07:58,-36.3667,146.3333,57.2,94,75,3.44
542,Klaksvik,FO,2021-03-26 20:07:58,62.2266,-6.589,39.2,41,20,25.32
543,Cam Ranh,VN,2021-03-26 20:07:58,11.9214,109.1591,78.8,83,20,6.91
544,Martapura,ID,2021-03-26 20:07:58,-3.4167,114.85,77.0,100,90,4.61
545,San Juan,AR,2021-03-26 20:07:59,-31.5375,-68.5364,65.88,40,16,13.87
546,Santa Rosalia,MX,2021-03-26 20:07:59,27.3167,-112.2833,68.5,36,0,3.51
547,Maneromango,TZ,2021-03-26 20:07:59,-7.1988,38.7848,77.0,94,20,3.44
548,Miyako,JP,2021-03-26 20:08:00,39.6367,141.9525,38.39,76,11,4.54
549,Shingu,JP,2021-03-26 20:08:00,33.7333,135.9833,45.34,46,23,4.83
550,Constitucion,CL,2021-03-26 20:08:00,-35.3333,-72.4167,67.73,50,0,16.71
551,Acapulco,MX,2021-03-26 20:07:57,16.8634,-99.8901,84.2,61,20,8.05
552,Oranjemund,NA,2021-03-26 20:08:00,-28.55,16.4333,62.11,81,0,2.48
553,Duncan,US,2021-03-26 20:08:01,34.5023,-97.9578,75.99,35,1,23.02
554,Roald,NO,2021-03-26 20:08:01,62.5833,6.1333,50.0,57,20,18.41
555,Port Blair,IN,2021-03-26 20:08:01,11.6667,92.75,81.25,74,75,6.22
556,Sao Geraldo Do Araguaia,BR,2021-03-26 20:08:01,-6.4006,-48.555,80.83,86,92,2.24
557,Matay,EG,2021-03-26 20:08:02,28.419,30.7792,56.19,41,0,21.65
558,Sao Joao Da Barra,BR,2021-03-26 20:08:02,-21.6403,-41.0511,84.2,54,0,16.11
559,Nushki,PK,2021-03-26 20:08:02,29.5542,66.0215,76.64,15,0,7.4
560,Miguel Calmon,BR,2021-03-26 20:08:03,-11.4289,-40.595,86.22,33,35,9.53
561,Khorixas,NA,2021-03-26 20:08:03,-20.3667,14.9667,70.61,48,13,12.57
562,Whitehorse,CA,2021-03-26 20:08:03,60.7161,-135.0538,30.2,69,75,5.75
563,Ixtapa,MX,2021-03-26 20:08:03,20.7,-105.2,75.2,69,75,11.5
564,Muros,ES,2021-03-26 20:08:04,42.7762,-9.0603,48.99,79,74,3.0
565,Alofi,NU,2021-03-26 20:08:04,-19.0595,-169.9187,82.4,83,75,12.66
566,Imbituba,BR,2021-03-26 20:08:04,-28.24,-48.6703,77.0,83,75,5.75
567,Katherine,AU,2021-03-26 20:08:04,-14.4667,132.2667,80.6,83,90,4.61
568,Barinas,VE,2021-03-26 20:08:05,8.6226,-70.2075,87.62,46,41,4.29
569,Dubrovnik,HR,2021-03-26 20:06:56,42.6481,18.0922,44.6,70,0,8.05
570,Husavik,IS,2021-03-26 20:08:05,66.0449,-17.3389,19.4,79,90,17.27
571,Tambacounda,SN,2021-03-26 20:08:05,13.7539,-13.7586,104.0,33,0,4.61
572,Prince Rupert,CA,2021-03-26 20:08:05,54.3161,-130.3201,41.0,93,90,12.66
573,Maldonado,UY,2021-03-26 20:08:06,-34.6667,-54.9167,69.01,100,75,3.44
574,Kaspiyskiy,RU,2021-03-26 20:08:06,45.3929,47.3707,38.53,73,100,24.72
575,Aksay,RU,2021-03-26 20:08:06,47.26,39.87,36.0,93,100,11.18
576,Sobolevo,RU,2021-03-26 20:08:07,54.4299,31.8996,32.7,99,100,1.95
577,Solhan,TR,2021-03-26 20:08:07,38.9634,41.0293,32.63,97,100,1.92
578,Dusetos,LT,2021-03-26 20:08:07,55.75,25.85,40.1,82,17,3.67
579,Guerrero,MX,2021-03-26 20:08:07,17.6667,-100.0,91.45,24,44,2.28
580,Batemans Bay,AU,2021-03-26 20:08:08,-35.7167,150.1833,55.99,94,1,1.01
581,Luena,AO,2021-03-26 20:08:08,-11.7833,19.9167,63.27,98,100,3.49
582,Ouadda,CF,2021-03-26 20:08:08,8.0777,22.4007,69.84,89,100,3.2
583,Ascension,US,2021-03-26 20:08:09,30.2169,-90.9001,77.0,78,90,3.87
584,Puro,PH,2021-03-26 20:08:09,12.4841,123.3827,78.15,85,90,6.98
585,Tambun,ID,2021-03-26 20:08:09,-6.2641,107.0712,82.0,78,20,5.75
586,Meadow Lake,US,2021-03-26 20:08:10,34.8014,-106.5436,59.0,24,40,14.97
587,Kaeo,NZ,2021-03-26 20:08:10,-35.1,173.7833,68.0,83,92,8.01
588,Punta Alta,AR,2021-03-26 20:08:10,-38.8759,-62.0736,64.94,66,100,18.57
589,Deputatskiy,RU,2021-03-26 20:08:10,69.3,139.9,-9.26,84,100,1.66
590,Bereda,ES,2021-03-26 20:08:11,43.2686,-7.5406,46.0,94,95,5.99
591,Sao Miguel Do Araguaia,BR,2021-03-26 20:08:11,-13.275,-50.1628,87.17,56,61,1.88
592,Nova Olinda Do Norte,BR,2021-03-26 20:08:11,-3.8881,-59.0942,82.72,80,45,3.31
