City_ID,City,Country,Lat,Lng,Max Temp,Humidity,Cloudiness,Wind Speed,Weather Des,Date
0,Sitka,US,57.0531,-135.33,35.6,75,20,10.36,few clouds,2021-03-28 16:07:31
1,Sao Filipe,CV,14.8961,-24.4956,69.91,74,3,15.12,clear sky,2021-03-28 16:09:17
2,Arraial Do Cabo,BR,-22.9661,-42.0278,89.6,74,20,12.66,few clouds,2021-03-28 16:09:17
3,Dingle,PH,10.9995,122.6711,76.86,86,80,5.95,broken clouds,2021-03-28 16:09:18
4,Albany,US,42.6001,-73.9662,50.0,85,100,13.73,moderate rain,2021-03-28 16:07:35
5,Qianan,CN,44.9932,124.0581,42.91,50,7,15.5,clear sky,2021-03-28 16:09:18
6,Ribeira Grande,PT,38.5167,-28.7,62.6,72,40,13.8,scattered clouds,2021-03-28 16:09:18
7,Busselton,AU,-33.65,115.3333,60.01,91,0,8.43,clear sky,2021-03-28 16:09:18
8,Ostrovnoy,RU,68.0531,39.5131,35.28,98,100,17.05,overcast clouds,2021-03-28 16:09:19
9,Salalah,OM,17.0151,54.0924,84.2,61,0,2.3,clear sky,2021-03-28 16:09:19
10,Lasa,IT,46.6166,10.7002,68.0,26,0,5.75,clear sky,2021-03-28 16:09:19
11,Barrow,US,71.2906,-156.7887,-29.2,99,40,9.22,scattered clouds,2021-03-28 16:09:19
12,Bluff,NZ,-46.6,168.3333,53.01,97,100,4.5,overcast clouds,2021-03-28 16:09:20
13,East London,ZA,-33.0153,27.9116,66.2,68,20,10.36,few clouds,2021-03-28 16:09:20
14,Hilo,US,19.7297,-155.09,66.2,88,90,5.75,moderate rain,2021-03-28 16:09:20
15,Kodinsk,RU,58.6881,99.1844,23.9,98,100,2.26,overcast clouds,2021-03-28 16:05:24
16,Longyearbyen,SJ,78.2186,15.6401,32.0,80,40,11.5,scattered clouds,2021-03-28 16:09:20
17,Biak,ID,-0.9131,122.8766,76.73,83,100,2.66,overcast clouds,2021-03-28 16:09:21
18,Nikki,BJ,9.9401,3.2108,96.93,10,2,5.68,clear sky,2021-03-28 16:06:17
19,Kulhudhuffushi,MV,6.6221,73.07,84.87,69,84,11.01,broken clouds,2021-03-28 16:09:21
20,Karratha,AU,-20.7377,116.8463,86.79,52,6,9.15,clear sky,2021-03-28 16:09:21
21,Kapaa,US,22.0752,-159.319,73.0,78,90,19.57,overcast clouds,2021-03-28 16:06:27
22,Azogues,EC,-2.7333,-78.8333,66.2,63,75,6.91,light rain,2021-03-28 16:09:22
23,Rikitea,PF,-23.1203,-134.9692,78.17,76,13,16.73,light rain,2021-03-28 16:06:21
24,Bethel,US,41.3712,-73.414,50.0,96,100,3.0,light rain,2021-03-28 16:09:22
25,Qaanaaq,GL,77.484,-69.3632,-14.62,78,33,3.51,scattered clouds,2021-03-28 16:09:22
26,Avarua,CK,-21.2078,-159.775,80.6,78,75,11.5,light rain,2021-03-28 16:09:22
27,Merauke,ID,-8.4667,140.3333,80.28,86,100,10.11,overcast clouds,2021-03-28 16:09:23
28,Yakeshi,CN,49.2833,120.7333,33.15,98,99,7.49,light snow,2021-03-28 16:09:09
29,Rabo De Peixe,PT,37.8,-25.5833,60.8,77,20,8.05,few clouds,2021-03-28 16:09:23
30,Port Alfred,ZA,-33.5906,26.891,66.43,67,98,17.56,overcast clouds,2021-03-28 16:08:25
31,Aklavik,CA,68.2191,-135.0107,-11.2,70,75,8.05,broken clouds,2021-03-28 16:09:23
32,Sechura,PE,-5.5569,-80.8222,79.99,54,85,5.75,overcast clouds,2021-03-28 16:09:23
33,Cascavel,BR,-24.9558,-53.4553,80.47,55,48,7.45,scattered clouds,2021-03-28 16:09:24
34,Goderich,CA,43.7501,-81.7165,42.8,93,100,17.27,overcast clouds,2021-03-28 16:08:10
35,Senanga,ZM,-16.1167,23.2667,75.85,61,87,2.82,overcast clouds,2021-03-28 16:09:24
36,Port Elizabeth,ZA,-33.918,25.5701,66.2,68,0,16.11,clear sky,2021-03-28 16:05:02
37,Lazurne,UA,46.084,32.5295,51.8,58,0,8.95,clear sky,2021-03-28 16:09:24
38,Pisco,PE,-13.7,-76.2167,73.0,73,0,8.05,clear sky,2021-03-28 16:04:59
39,Temnikov,RU,54.6302,43.2148,27.41,92,79,5.03,broken clouds,2021-03-28 16:09:25
40,Pangnirtung,CA,66.1451,-65.7125,10.54,55,99,2.66,overcast clouds,2021-03-28 16:09:25
41,Severo-Kurilsk,RU,50.6789,156.125,25.05,77,53,13.69,broken clouds,2021-03-28 16:04:57
42,Mataura,NZ,-46.1927,168.8643,53.01,97,100,2.68,overcast clouds,2021-03-28 16:09:25
43,Nouakchott,MR,18.0858,-15.9785,89.6,31,6,16.11,sand,2021-03-28 16:09:25
44,Jamestown,US,42.097,-79.2353,52.0,93,90,4.09,light rain,2021-03-28 16:09:26
45,Clyde River,CA,70.4692,-68.5914,-7.6,84,1,3.44,clear sky,2021-03-28 16:09:26
46,Punta Arenas,CL,-53.15,-70.9167,51.8,43,0,23.02,clear sky,2021-03-28 16:08:37
47,Ushuaia,AR,-54.8,-68.3,46.4,57,40,26.46,scattered clouds,2021-03-28 16:08:50
48,Narsaq,GL,60.9167,-46.05,24.8,54,0,4.61,clear sky,2021-03-28 16:05:06
49,Upernavik,GL,72.7868,-56.1549,-17.12,79,91,5.01,overcast clouds,2021-03-28 16:08:22
50,Chegdomyn,RU,51.1167,133.0167,26.96,91,100,3.22,overcast clouds,2021-03-28 16:09:26
51,Oranjemund,NA,-28.55,16.4333,65.32,74,4,13.15,clear sky,2021-03-28 16:09:27
52,Puerto Ayora,EC,-0.7393,-90.3518,81.0,78,40,9.22,scattered clouds,2021-03-28 16:06:57
53,Nome,US,64.5011,-165.4064,9.0,78,90,23.02,light snow,2021-03-28 16:08:41
54,Madison,US,34.7334,-86.5667,61.0,77,90,15.14,overcast clouds,2021-03-28 16:05:00
55,San Fernando,PH,15.0286,120.6898,78.8,78,40,8.05,scattered clouds,2021-03-28 16:09:14
56,Jarva-Jaani,EE,59.0386,25.8864,41.14,68,81,6.38,broken clouds,2021-03-28 16:09:27
57,Grindavik,IS,63.8424,-22.4338,35.6,75,20,1.14,few clouds,2021-03-28 16:09:27
58,Vaini,TO,-21.2,-175.2,77.0,100,75,8.05,light rain,2021-03-28 16:09:28
59,Pangai,TO,-19.8,-174.35,81.57,79,45,19.6,scattered clouds,2021-03-28 16:09:28
60,Port-Gentil,GA,-0.7193,8.7815,82.4,78,40,11.5,light rain,2021-03-28 16:09:28
61,Nelspruit,ZA,-25.4745,30.9703,69.8,60,75,6.91,broken clouds,2021-03-28 16:09:28
62,Makakilo City,US,21.3469,-158.0858,73.4,68,1,5.75,clear sky,2021-03-28 16:09:29
63,Kutum,SD,14.2,24.6667,76.17,12,4,17.65,clear sky,2021-03-28 16:09:29
64,Moree,AU,-29.4667,149.85,60.8,82,0,5.7,clear sky,2021-03-28 16:09:29
65,Filadelfia,US,39.9523,-75.1638,60.01,94,90,10.36,overcast clouds,2021-03-28 16:05:23
66,Baturaja,ID,-4.1333,104.1667,75.06,97,40,2.48,scattered clouds,2021-03-28 16:09:29
67,Bengkulu,ID,-3.8004,102.2655,78.91,86,97,3.65,light rain,2021-03-28 16:09:03
68,Coahuayana,MX,18.7333,-103.6833,78.8,38,20,3.78,few clouds,2021-03-28 16:09:30
69,Yellowknife,CA,62.456,-114.3525,15.01,62,75,12.66,broken clouds,2021-03-28 16:07:22
70,San Andres,CO,12.5847,-81.7006,84.2,65,20,12.66,few clouds,2021-03-28 16:09:30
71,Ancud,CL,-41.8697,-73.8203,64.4,68,20,14.97,few clouds,2021-03-28 16:09:30
72,Lebu,CL,-37.6167,-73.65,63.3,65,5,15.82,clear sky,2021-03-28 16:09:31
73,Havre-Saint-Pierre,CA,50.2334,-63.5986,28.4,69,1,9.22,clear sky,2021-03-28 16:09:31
74,Tadine,NC,-21.55,167.8833,75.97,88,7,9.46,clear sky,2021-03-28 16:09:31
75,Wajid,SO,3.8093,43.2471,92.79,22,100,7.56,overcast clouds,2021-03-28 16:09:31
76,Kodiak,US,57.79,-152.4072,35.6,32,1,8.05,clear sky,2021-03-28 16:09:31
77,Esperance,AU,-33.8667,121.9,68.0,83,0,8.05,clear sky,2021-03-28 16:08:48
78,Hobart,AU,-42.8794,147.3294,55.4,50,75,12.66,broken clouds,2021-03-28 16:09:32
79,Ponta Do Sol,PT,32.6667,-17.1,68.0,64,20,11.5,few clouds,2021-03-28 16:09:02
80,Nikolskoye,RU,59.7035,30.7861,45.0,70,0,8.95,light rain,2021-03-28 16:09:05
81,Iqaluit,CA,63.7506,-68.5145,10.4,72,90,19.57,overcast clouds,2021-03-28 16:09:32
82,Luderitz,NA,-26.6481,15.1594,67.57,68,5,8.43,clear sky,2021-03-28 16:09:32
83,Nemuro,JP,43.3236,145.575,39.94,97,100,30.33,overcast clouds,2021-03-28 16:09:33
84,Upington,ZA,-28.4478,21.2561,86.0,17,0,3.44,clear sky,2021-03-28 16:09:33
85,Saint-Philippe,RE,-21.3585,55.7679,80.6,78,40,6.91,scattered clouds,2021-03-28 16:08:52
86,Roald,NO,62.5833,6.1333,44.6,76,75,23.02,broken clouds,2021-03-28 16:09:33
87,Comodoro Rivadavia,AR,-45.8667,-67.5,66.2,59,0,8.05,clear sky,2021-03-28 16:09:20
88,Port-Cartier,CA,50.0334,-66.8654,28.99,74,100,6.91,overcast clouds,2021-03-28 16:09:33
89,Butaritari,KI,3.0707,172.7902,80.46,80,23,11.79,light rain,2021-03-28 16:09:34
90,Norman Wells,CA,65.282,-126.8329,-4.0,71,75,18.41,snow,2021-03-28 16:08:58
91,Piacabucu,BR,-10.4056,-36.4344,83.1,67,45,9.73,scattered clouds,2021-03-28 16:09:34
92,Faya,SA,18.3851,42.4509,71.6,59,0,9.22,clear sky,2021-03-28 16:09:34
93,Aasiaat,GL,68.7098,-52.8699,-17.77,73,18,11.34,few clouds,2021-03-28 16:09:35
94,Bambous Virieux,MU,-20.3428,57.7575,81.0,83,40,0.29,scattered clouds,2021-03-28 16:08:21
95,Dikson,RU,73.5069,80.5464,-23.39,100,30,6.78,scattered clouds,2021-03-28 16:08:39
96,Slave Lake,CA,55.2834,-114.769,44.6,61,20,14.97,few clouds,2021-03-28 16:09:35
97,Mauguio,FR,43.6181,4.0074,66.2,48,0,9.22,clear sky,2021-03-28 16:09:35
98,Galle,LK,6.0367,80.217,76.44,81,98,7.27,overcast clouds,2021-03-28 16:09:35
99,Coruripe,BR,-10.1256,-36.1756,82.13,70,54,9.48,broken clouds,2021-03-28 16:09:36
100,Waipawa,NZ,-41.4122,175.5153,62.6,94,90,17.27,moderate rain,2021-03-28 16:09:16
101,Nishihara,JP,26.1842,127.7558,71.6,94,75,3.42,broken clouds,2021-03-28 16:09:36
102,Georgetown,MY,5.4112,100.3354,80.6,89,40,8.05,scattered clouds,2021-03-28 16:09:03
103,New Norfolk,AU,-42.7826,147.0587,55.0,65,60,1.99,broken clouds,2021-03-28 16:09:36
104,La Asuncion,VE,11.0333,-63.8628,79.79,74,92,14.54,overcast clouds,2021-03-28 16:09:37
105,Atuona,PF,-9.8,-139.0333,81.1,70,100,18.21,overcast clouds,2021-03-28 16:08:47
106,Khatanga,RU,71.9667,102.5,-1.48,98,99,6.91,overcast clouds,2021-03-28 16:09:37
107,Port Hardy,CA,50.6996,-127.4199,39.2,93,90,5.75,light snow,2021-03-28 16:09:37
108,Talnakh,RU,69.4865,88.3972,-10.01,96,50,2.68,scattered clouds,2021-03-28 16:07:02
109,Vestmannaeyjar,IS,63.4427,-20.2734,32.0,86,40,4.61,scattered clouds,2021-03-28 16:09:37
110,Hermanus,ZA,-34.4187,19.2345,70.0,67,100,5.99,overcast clouds,2021-03-28 16:09:38
111,Yulara,AU,-25.2406,130.9889,77.0,53,5,9.22,clear sky,2021-03-28 16:09:38
112,Zyryanka,RU,65.75,150.85,-9.06,99,99,0.27,overcast clouds,2021-03-28 16:09:38
113,Saint-Augustin,CA,51.226,-58.6502,21.38,57,52,5.86,broken clouds,2021-03-28 16:09:38
114,Svetlogorsk,BY,52.6333,29.7333,41.81,91,100,10.51,overcast clouds,2021-03-28 16:09:39
115,Rognan,NO,67.0953,15.3878,42.8,49,75,13.8,broken clouds,2021-03-28 16:09:39
116,Zachepylivka,UA,49.1939,35.2394,48.15,51,16,5.93,few clouds,2021-03-28 16:09:39
117,Linhares,BR,-19.3911,-40.0722,92.61,43,0,3.31,clear sky,2021-03-28 16:05:17
118,Camacha,PT,33.0833,-16.3333,66.2,72,40,8.05,scattered clouds,2021-03-28 16:09:39
119,Cap Malheureux,MU,-19.9842,57.6142,80.01,75,11,0.89,few clouds,2021-03-28 16:09:40
120,Lagoa,PT,39.05,-27.9833,59.16,82,100,20.38,overcast clouds,2021-03-28 16:09:40
121,Husavik,IS,66.0449,-17.3389,28.4,93,90,11.5,light snow,2021-03-28 16:09:40
122,Gamba,GA,-2.65,10.0,80.8,74,84,8.37,broken clouds,2021-03-28 16:09:41
123,Provideniya,RU,64.3833,-173.3,2.95,95,100,23.78,snow,2021-03-28 16:09:41
124,Cape Coast,GH,5.1053,-1.2466,83.86,71,17,13.04,few clouds,2021-03-28 16:09:41
125,Tiksi,RU,71.6872,128.8694,2.28,99,100,1.01,overcast clouds,2021-03-28 16:08:48
126,Bredasdorp,ZA,-34.5322,20.0403,68.0,64,100,20.71,overcast clouds,2021-03-28 16:09:41
127,Kavieng,PG,-2.5744,150.7967,82.85,75,79,14.5,broken clouds,2021-03-28 16:09:42
128,Flinders,AU,-34.5833,150.8552,60.01,84,71,1.01,broken clouds,2021-03-28 16:09:26
129,Victoria,HK,22.2855,114.1577,77.0,87,3,7.07,clear sky,2021-03-28 16:08:15
130,San Cristobal,VE,7.7669,-72.225,82.4,57,75,11.5,broken clouds,2021-03-28 16:09:42
131,Portland,US,45.5234,-122.6762,48.2,71,75,6.91,broken clouds,2021-03-28 16:04:52
132,Shenkursk,RU,62.1091,42.896,33.35,81,66,7.63,broken clouds,2021-03-28 16:09:42
133,San Patricio,US,28.017,-97.5169,66.0,72,90,23.02,overcast clouds,2021-03-28 16:08:35
134,Chokurdakh,RU,70.6333,147.9167,-17.18,100,92,3.62,overcast clouds,2021-03-28 16:09:43
135,Praia,CV,14.9215,-23.5087,73.4,60,20,27.63,few clouds,2021-03-28 16:09:43
136,Lorengau,PG,-2.0226,147.2712,81.3,80,93,9.04,overcast clouds,2021-03-28 16:09:43
137,Carnarvon,AU,-24.8667,113.6333,75.2,94,0,4.61,clear sky,2021-03-28 16:08:19
138,Tautira,PF,-17.7333,-149.15,77.0,78,20,4.61,light rain,2021-03-28 16:09:43
139,Luba,GQ,3.4568,8.5547,87.8,74,20,11.5,light rain,2021-03-28 16:09:44
140,Ranong,TH,9.9658,98.6348,78.53,88,100,3.74,overcast clouds,2021-03-28 16:09:44
141,Staryy Nadym,RU,65.6118,72.6842,-7.53,99,11,10.16,few clouds,2021-03-28 16:09:44
142,Hithadhoo,MV,-0.6,73.0833,82.38,76,100,18.23,overcast clouds,2021-03-28 16:09:44
143,Sandpoint,US,48.2766,-116.5533,46.0,65,1,6.91,clear sky,2021-03-28 16:09:45
144,Tiarei,PF,-17.5333,-149.3333,77.0,78,20,4.61,light rain,2021-03-28 16:09:45
145,Otane,NZ,-39.8833,176.6333,66.99,71,98,2.37,overcast clouds,2021-03-28 16:09:45
146,Vardo,NO,70.3705,31.1107,37.4,75,75,6.91,broken clouds,2021-03-28 16:09:46
147,Shimanovsk,RU,52.0,127.7,36.77,80,100,8.75,overcast clouds,2021-03-28 16:09:46
148,Zhezkazgan,KZ,47.8043,67.7144,29.37,81,86,5.91,overcast clouds,2021-03-28 16:06:56
149,Baykit,RU,61.67,96.37,15.89,99,92,1.21,overcast clouds,2021-03-28 16:06:54
150,Abaza,RU,52.655,90.0928,34.97,98,100,2.73,overcast clouds,2021-03-28 16:08:55
151,Faanui,PF,-16.4833,-151.75,82.02,75,61,22.1,broken clouds,2021-03-28 16:09:03
152,Casas Grandes,MX,30.3667,-107.95,55.99,33,0,8.99,clear sky,2021-03-28 16:09:46
153,Despotovac,RS,44.0925,21.4469,52.0,30,99,6.55,overcast clouds,2021-03-28 16:09:46
154,Carmarthen,GB,51.8555,-4.3054,50.0,93,90,32.21,overcast clouds,2021-03-28 16:09:47
155,Ahipara,NZ,-35.1667,173.1667,65.66,94,99,7.61,moderate rain,2021-03-28 16:09:47
156,Thompson,CA,55.7435,-97.8558,8.6,72,75,2.3,broken clouds,2021-03-28 16:09:47
157,Inuvik,CA,68.3499,-133.7218,-20.2,76,100,5.75,overcast clouds,2021-03-28 16:09:47
158,Saint George,US,37.1041,-113.5841,55.0,40,1,4.61,clear sky,2021-03-28 16:09:48
159,Alyangula,AU,-13.8483,136.4192,82.26,79,96,11.68,overcast clouds,2021-03-28 16:09:48
160,Cape Town,ZA,-33.9258,18.4232,75.99,46,0,11.5,clear sky,2021-03-28 16:08:28
161,El Sauzal,MX,31.9,-116.6833,63.0,55,0,1.01,clear sky,2021-03-28 16:09:48
162,Saldanha,ZA,-33.0117,17.9442,77.0,36,100,14.97,overcast clouds,2021-03-28 16:09:49
163,Margosatubig,PH,7.5777,123.1658,78.17,87,98,2.17,overcast clouds,2021-03-28 16:09:49
164,Millington,US,35.3415,-89.8973,59.0,51,40,16.11,scattered clouds,2021-03-28 16:09:49
165,Katobu,ID,-4.9408,122.5276,74.62,94,90,1.23,overcast clouds,2021-03-28 16:09:49
166,Mount Gambier,AU,-37.8333,140.7667,55.4,94,90,6.91,overcast clouds,2021-03-28 16:08:50
167,Karaton,ID,-6.3424,106.1045,82.99,83,40,5.75,haze,2021-03-28 16:09:50
168,Namatanai,PG,-3.6667,152.4333,79.03,79,100,8.16,overcast clouds,2021-03-28 16:09:50
169,Ribas Do Rio Pardo,BR,-20.4431,-53.7592,95.9,23,35,5.12,scattered clouds,2021-03-28 16:09:50
170,Ondjiva,AO,-17.0667,15.7333,79.41,53,97,4.47,overcast clouds,2021-03-28 16:09:50
171,Kruisfontein,ZA,-34.0033,24.7314,64.99,69,100,5.01,overcast clouds,2021-03-28 16:06:07
172,Kirakira,SB,-10.4544,161.9205,80.08,82,20,6.64,few clouds,2021-03-28 16:09:51
173,Pecos,US,31.4229,-103.4932,59.0,33,1,9.22,clear sky,2021-03-28 16:09:51
174,Mount Isa,AU,-20.7333,139.5,80.6,29,1,14.97,clear sky,2021-03-28 16:09:51
175,Bud,US,39.447,-86.1758,42.01,81,99,19.48,overcast clouds,2021-03-28 16:09:51
176,Praia Da Vitoria,PT,38.7333,-27.0667,64.4,72,40,14.99,scattered clouds,2021-03-28 16:09:45
177,Castro,BR,-24.7911,-50.0119,78.55,58,17,7.7,few clouds,2021-03-28 16:09:52
178,Laguna,US,38.421,-121.4238,60.01,58,1,1.5,clear sky,2021-03-28 16:09:52
179,Teguldet,RU,57.3064,88.1667,30.97,97,99,6.2,light snow,2021-03-28 16:09:52
180,Bonthe,SL,7.5264,-12.505,85.95,65,65,13.29,broken clouds,2021-03-28 16:09:52
181,Charters Towers,AU,-20.1,146.2667,70.57,80,0,8.05,clear sky,2021-03-28 16:09:53
182,Tasiilaq,GL,65.6145,-37.6368,21.2,53,20,9.22,few clouds,2021-03-28 16:09:53
183,Sambava,MG,-14.2667,50.1667,79.07,86,54,6.76,moderate rain,2021-03-28 16:09:11
184,Pochutla,MX,15.7432,-96.4661,89.01,45,1,11.5,clear sky,2021-03-28 16:09:53
185,Padang,ID,-0.9492,100.3543,75.2,94,40,5.75,light rain,2021-03-28 16:09:54
186,Boksitogorsk,RU,59.474,33.8485,39.99,57,77,1.99,light rain,2021-03-28 16:09:54
187,Saiha,IN,22.4833,92.9667,68.61,27,96,2.8,overcast clouds,2021-03-28 16:09:54
188,Inongo,CD,-1.95,18.2667,79.5,73,41,2.62,light rain,2021-03-28 16:09:54
189,Suntar,RU,62.1444,117.6319,11.79,96,98,3.71,overcast clouds,2021-03-28 16:09:55
190,Pulandian,CN,39.3953,121.9669,46.0,61,20,6.71,dust,2021-03-28 16:09:55
191,Mastic Beach,US,40.7668,-72.8521,54.0,87,90,11.5,moderate rain,2021-03-28 16:09:55
192,Riyadh,SA,24.6877,46.7219,69.8,13,4,11.5,clear sky,2021-03-28 16:06:58
193,Tarrafal,CV,15.2833,-23.7667,73.4,60,20,27.63,few clouds,2021-03-28 16:09:55
194,Mar Del Plata,AR,-38.0023,-57.5575,68.0,77,75,13.8,light rain,2021-03-28 16:05:00
195,Klaksvik,FO,62.2266,-6.589,41.0,81,40,20.71,scattered clouds,2021-03-28 16:09:56
196,Adrar,MR,20.5022,-10.0711,98.15,4,47,10.67,scattered clouds,2021-03-28 16:09:56
197,Asau,RO,46.4333,26.4,42.01,49,81,4.32,broken clouds,2021-03-28 16:08:29
198,Tabou,CI,4.423,-7.3528,83.53,70,18,9.22,few clouds,2021-03-28 16:09:56
199,Khuzhir,RU,53.1939,107.3397,21.79,88,78,5.75,broken clouds,2021-03-28 16:09:56
200,Yekaterinovka,RU,52.0508,44.3451,31.66,94,100,10.67,overcast clouds,2021-03-28 16:09:57
201,Los Llanos De Aridane,ES,28.6585,-17.9182,68.0,64,20,5.75,few clouds,2021-03-28 16:09:57
202,Yarim,YE,14.298,44.3779,58.87,39,40,5.14,scattered clouds,2021-03-28 16:09:57
203,Lata,PT,40.1629,-8.3327,77.0,39,44,7.74,scattered clouds,2021-03-28 16:09:58
204,Yazman,PK,29.1212,71.7446,93.56,9,0,8.37,clear sky,2021-03-28 16:09:58
205,Kavaratti,IN,10.5669,72.642,84.2,73,100,7.96,overcast clouds,2021-03-28 16:09:58
206,Houma,US,29.5958,-90.7195,80.01,83,75,9.22,broken clouds,2021-03-28 16:09:58
207,Cockburn Town,TC,21.4612,-71.1419,77.36,75,1,22.24,clear sky,2021-03-28 16:09:20
208,Bukama,CD,-9.2,25.85,75.51,90,42,3.4,light rain,2021-03-28 16:09:59
209,Sakakah,SA,29.9697,40.2064,68.0,10,0,4.61,clear sky,2021-03-28 16:09:59
210,Montelibano,CO,7.9829,-75.4229,86.94,61,92,1.16,overcast clouds,2021-03-28 16:09:59
211,Noumea,NC,-22.2763,166.4572,71.6,88,75,6.71,broken clouds,2021-03-28 16:09:59
212,Hasaki,JP,35.7333,140.8333,62.6,94,75,14.97,moderate rain,2021-03-28 16:10:00
213,Broome,US,42.2506,-75.833,53.01,93,90,13.8,overcast clouds,2021-03-28 16:10:00
214,Leshukonskoye,RU,64.8989,45.7622,34.9,94,100,8.93,overcast clouds,2021-03-28 16:10:00
215,Troitsko-Pechorsk,RU,62.7084,56.1964,25.61,91,53,5.73,broken clouds,2021-03-28 16:10:01
216,Akyab,MM,20.15,92.9,81.3,72,97,4.47,light rain,2021-03-28 16:10:01
217,Soe,ID,-9.8607,124.284,66.15,90,100,3.2,overcast clouds,2021-03-28 16:07:16
218,Bandarbeyla,SO,9.4942,50.8122,79.95,71,86,7.45,overcast clouds,2021-03-28 16:09:44
219,Mazatlan,MX,23.2167,-106.4167,68.0,63,75,3.44,broken clouds,2021-03-28 16:10:02
220,Petropavlovsk-Kamchatskiy,RU,53.0452,158.6483,21.2,49,9,8.95,clear sky,2021-03-28 16:10:02
221,Kununurra,AU,-15.7667,128.7333,77.0,94,98,4.61,overcast clouds,2021-03-28 16:10:02
222,Mutsu,JP,41.2894,141.2169,51.8,100,90,4.61,moderate rain,2021-03-28 16:10:02
223,Torbay,CA,47.6666,-52.7314,27.0,80,90,14.97,light snow,2021-03-28 16:09:28
224,Paka,MY,4.6374,103.4368,80.6,89,11,1.74,few clouds,2021-03-28 16:07:23
225,Yaan,NG,7.3833,8.5667,101.23,9,7,8.63,clear sky,2021-03-28 16:10:03
226,Kralendijk,BQ,12.15,-68.2667,78.82,78,86,21.14,overcast clouds,2021-03-28 16:10:03
227,Mildura,AU,-34.2,142.15,60.8,59,0,8.05,clear sky,2021-03-28 16:10:03
228,Nanortalik,GL,60.1432,-45.2371,27.46,67,22,6.62,few clouds,2021-03-28 16:10:04
229,Jumla,NP,29.2747,82.1838,48.79,50,94,3.8,overcast clouds,2021-03-28 16:10:04
230,Saint-Pierre,RE,-21.3393,55.4781,78.8,78,40,6.91,scattered clouds,2021-03-28 16:10:04
231,Gayny,RU,60.3071,54.3241,28.38,91,59,6.26,broken clouds,2021-03-28 16:10:05
232,Tuktoyaktuk,CA,69.4541,-133.0374,-25.6,75,40,10.36,scattered clouds,2021-03-28 16:10:05
233,Hokitika,NZ,-42.7167,170.9667,59.43,94,64,4.54,broken clouds,2021-03-28 16:10:05
234,Semey,KZ,50.4111,80.2275,35.47,99,100,7.99,overcast clouds,2021-03-28 16:10:06
235,Sao Joao Da Barra,BR,-21.6403,-41.0511,89.6,55,40,4.61,scattered clouds,2021-03-28 16:09:24
236,Luorong,CN,24.4058,109.6086,76.26,78,18,2.59,few clouds,2021-03-28 16:10:06
237,Zhangye,CN,38.9342,100.4517,46.24,49,15,4.7,few clouds,2021-03-28 16:10:06
238,Gat,IL,31.61,34.7642,62.01,56,18,10.98,few clouds,2021-03-28 16:10:07
239,Van,TR,38.4924,43.3831,35.6,55,20,5.75,few clouds,2021-03-28 16:10:07
240,Loubomo,CG,-4.1997,12.6739,77.0,90,100,3.33,moderate rain,2021-03-28 16:10:07
241,Perelyub,RU,51.8667,50.3667,32.72,98,100,12.64,snow,2021-03-28 16:10:07
242,Teluk Nibung,ID,3.001,99.8164,79.29,85,13,3.4,few clouds,2021-03-28 16:10:08
243,Lumberton,US,34.6182,-79.0086,80.6,69,75,16.11,broken clouds,2021-03-28 16:09:50
244,Geraldton,AU,-28.7667,114.6,69.8,78,40,5.75,scattered clouds,2021-03-28 16:10:08
245,College,US,64.8569,-147.8028,3.2,72,75,2.04,broken clouds,2021-03-28 16:09:57
246,Olafsvik,IS,64.8945,-23.7142,30.58,83,100,17.85,light snow,2021-03-28 16:10:08
247,Dunedin,NZ,-45.8742,170.5036,54.0,95,91,3.0,overcast clouds,2021-03-28 16:10:09
248,Vila,PT,42.0304,-8.1588,72.0,29,0,4.0,clear sky,2021-03-28 16:10:09
249,Half Moon Bay,US,37.4636,-122.4286,59.0,71,20,2.84,few clouds,2021-03-28 16:10:09
250,Umm Lajj,SA,25.0213,37.2685,73.76,56,5,22.84,clear sky,2021-03-28 16:10:10
251,Nong Phai,TH,15.9903,101.0618,91.99,46,36,1.79,scattered clouds,2021-03-28 16:10:10
252,Viedma,AR,-40.8135,-62.9967,76.28,15,11,10.85,few clouds,2021-03-28 16:10:10
253,Demba,CD,-5.51,22.2667,79.3,68,93,2.91,overcast clouds,2021-03-28 16:09:18
254,Aguas Verdes,PE,-3.4814,-80.245,86.0,54,40,6.91,scattered clouds,2021-03-28 16:10:11
255,Tessalit,ML,20.1986,1.0114,88.48,5,0,12.91,clear sky,2021-03-28 16:10:11
256,Isangel,VU,-19.55,169.2667,76.71,87,5,5.93,clear sky,2021-03-28 16:10:11
257,Margate,GB,51.3813,1.3862,54.0,70,100,7.0,overcast clouds,2021-03-28 16:10:11
258,Tehuixtla,MX,18.55,-99.2667,80.01,31,40,1.41,scattered clouds,2021-03-28 16:10:12
259,Tomatlan,MX,19.9333,-105.25,83.07,26,99,3.0,overcast clouds,2021-03-28 16:10:12
260,Gujrat,PK,32.5728,74.079,78.8,57,40,8.23,smoke,2021-03-28 16:10:12
261,Saskylakh,RU,71.9167,114.0833,-4.11,99,97,2.04,overcast clouds,2021-03-28 16:10:13
262,Yavatmal,IN,20.4,78.1333,90.59,11,0,3.94,clear sky,2021-03-28 16:10:13
263,Ambilobe,MG,-13.2,49.05,77.45,89,72,1.57,broken clouds,2021-03-28 16:07:14
264,Dabat,ET,12.9842,37.765,65.64,34,95,6.13,overcast clouds,2021-03-28 16:10:13
265,Traverse City,US,44.7631,-85.6206,35.6,87,90,13.8,snow,2021-03-28 16:10:13
266,Arica,CL,-18.475,-70.3042,73.4,56,0,12.66,clear sky,2021-03-28 16:07:27
267,Nicoya,CR,10.1483,-85.452,89.6,40,0,23.02,clear sky,2021-03-28 16:10:14
268,Brae,GB,60.3964,-1.353,46.4,71,20,19.57,few clouds,2021-03-28 16:09:22
269,Birobidzhan,RU,48.8,132.95,36.3,93,100,9.28,overcast clouds,2021-03-28 16:05:26
270,Dukat,RU,62.55,155.55,-7.92,95,100,4.07,overcast clouds,2021-03-28 16:10:14
271,Broken Hill,AU,-31.95,141.4333,60.8,55,1,6.91,clear sky,2021-03-28 16:10:14
272,Bagdarin,RU,54.4333,113.6,7.54,91,7,4.25,clear sky,2021-03-28 16:10:15
273,Itoman,JP,26.1247,127.6694,71.6,94,75,2.3,broken clouds,2021-03-28 16:10:15
274,Tazovskiy,RU,67.4667,78.7,-6.92,99,61,8.1,broken clouds,2021-03-28 16:10:15
275,Senador Guiomard,BR,-10.1522,-67.7392,80.6,83,75,3.44,broken clouds,2021-03-28 16:10:15
276,Chiriqui Grande,PA,8.95,-82.1167,73.99,34,79,8.99,broken clouds,2021-03-28 16:10:16
277,Vostok,RU,46.4856,135.8833,32.16,92,100,6.38,snow,2021-03-28 16:08:46
278,Belmonte,BR,-15.8631,-38.8828,86.0,62,20,17.27,few clouds,2021-03-28 16:10:16
279,Oktyabrskiy,RU,54.4815,53.471,23.02,95,100,5.39,overcast clouds,2021-03-28 16:10:16
280,Aranos,NA,-24.1333,19.1167,83.93,21,0,5.28,clear sky,2021-03-28 16:10:17
281,Zhangjiakou,CN,40.81,114.8794,39.24,20,43,12.84,scattered clouds,2021-03-28 16:10:17
282,Khandbari,NP,27.3747,87.2039,64.51,20,1,5.08,clear sky,2021-03-28 16:10:17
283,Pasighat,IN,28.0667,95.3333,74.89,22,0,5.61,clear sky,2021-03-28 16:10:17
284,Lumphat,KH,13.4878,106.9816,85.96,45,99,4.76,overcast clouds,2021-03-28 16:10:18
285,Bayanday,RU,53.0661,105.5139,21.07,90,95,3.4,overcast clouds,2021-03-28 16:10:18
286,Sungairaya,ID,0.7,108.9,77.83,88,65,3.89,broken clouds,2021-03-28 16:10:18
287,Mehamn,NO,71.0357,27.8492,37.4,65,0,12.66,clear sky,2021-03-28 16:10:18
288,Ikalamavony,MG,-21.15,46.5833,70.02,77,10,3.44,clear sky,2021-03-28 16:10:19
289,Gravdal,NO,68.1214,13.5031,41.0,52,0,9.22,clear sky,2021-03-28 16:10:19
290,Sukhumi,GE,43.0033,41.0153,44.4,80,20,3.29,few clouds,2021-03-28 16:07:13
291,Coos Bay,US,43.3665,-124.2179,46.4,87,90,4.61,overcast clouds,2021-03-28 16:08:23
292,Seddon,AU,-37.8068,144.8916,61.0,82,1,8.05,clear sky,2021-03-28 16:10:19
293,Parrita,CR,9.5201,-84.3225,82.0,56,20,17.27,few clouds,2021-03-28 16:10:20
294,Maldonado,UY,-34.6667,-54.9167,77.0,65,75,14.97,broken clouds,2021-03-28 16:10:20
295,Sabha,LY,27.0377,14.4283,72.86,12,76,13.09,broken clouds,2021-03-28 16:09:40
296,Lensk,RU,60.7253,114.9278,17.55,96,99,3.67,overcast clouds,2021-03-28 16:06:42
297,Takaka,NZ,-40.85,172.8,63.0,93,100,1.01,overcast clouds,2021-03-28 16:10:20
298,Sonoita,MX,31.85,-112.8333,70.0,22,0,10.54,clear sky,2021-03-28 16:10:20
299,Mizdah,LY,31.4451,12.9801,70.95,14,98,3.65,overcast clouds,2021-03-28 16:10:21
300,Mujiayingzi,CN,42.1167,118.7833,39.2,24,0,18.97,clear sky,2021-03-28 16:10:21
301,Lompoc,US,34.6391,-120.4579,62.01,71,0,5.75,clear sky,2021-03-28 16:09:43
302,Arkhangelsk,RU,64.5401,40.5433,42.8,61,40,4.47,light rain,2021-03-28 16:10:21
303,Souillac,MU,-20.5167,57.5167,80.6,83,40,1.79,scattered clouds,2021-03-28 16:08:38
304,Koygorodok,RU,60.445,50.9968,26.53,96,14,4.97,few clouds,2021-03-28 16:10:21
305,Winnemucca,US,40.973,-117.7357,53.6,30,1,13.8,clear sky,2021-03-28 16:10:22
306,Canon City,US,38.441,-105.2424,54.0,26,1,16.11,clear sky,2021-03-28 16:10:22
307,Poum,NC,-20.2333,164.0167,79.99,77,13,9.95,few clouds,2021-03-28 16:10:22
308,Ayan,RU,56.45,138.1667,13.44,91,97,3.74,overcast clouds,2021-03-28 16:08:55
309,Cairns,AU,-16.9167,145.7667,78.8,73,40,10.36,scattered clouds,2021-03-28 16:08:29
310,Cherskiy,RU,68.75,161.3,-9.06,91,100,1.68,overcast clouds,2021-03-28 16:10:23
311,Luanda,AO,-8.8368,13.2343,87.8,58,20,12.66,few clouds,2021-03-28 16:10:23
312,Abu Samrah,SY,35.3029,37.1841,54.28,41,6,4.76,clear sky,2021-03-28 16:10:23
313,Dumas,US,35.8656,-101.9732,53.6,32,1,14.97,clear sky,2021-03-28 16:10:23
314,Mitsamiouli,KM,-11.3847,43.2844,83.97,68,37,4.76,scattered clouds,2021-03-28 16:10:24
315,Honiara,SB,-9.4333,159.95,76.51,88,50,5.35,scattered clouds,2021-03-28 16:10:24
316,Cayenne,GF,4.9333,-52.3333,82.0,89,75,13.8,broken clouds,2021-03-28 16:09:51
317,Ishigaki,JP,24.3448,124.1572,75.92,84,7,2.82,clear sky,2021-03-28 16:10:24
318,Tuatapere,NZ,-46.1333,167.6833,53.01,97,100,3.13,light rain,2021-03-28 16:08:21
319,Buraydah,SA,26.326,43.975,68.0,24,0,11.5,clear sky,2021-03-28 16:09:58
320,Cidreira,BR,-30.1811,-50.2056,74.39,81,96,9.42,overcast clouds,2021-03-28 16:10:25
321,Varhaug,NO,58.6147,5.6457,46.4,87,75,10.36,broken clouds,2021-03-28 16:10:25
322,Kangalassy,RU,62.3464,129.9628,1.4,85,0,4.47,clear sky,2021-03-28 16:10:25
323,Beringovskiy,RU,63.05,179.3167,10.94,95,100,16.15,snow,2021-03-28 16:09:03
324,Cabo San Lucas,MX,22.8909,-109.9124,75.0,59,75,2.93,broken clouds,2021-03-28 16:09:08
325,Srednekolymsk,RU,67.45,153.6833,-18.04,100,88,2.86,overcast clouds,2021-03-28 16:09:59
326,Mazara Del Vallo,IT,37.6641,12.588,62.6,88,20,9.22,few clouds,2021-03-28 16:10:27
327,Port Blair,IN,11.6667,92.75,82.49,76,100,3.29,overcast clouds,2021-03-28 16:09:11
328,Riachao Das Neves,BR,-11.7461,-44.91,96.28,26,94,2.48,overcast clouds,2021-03-28 16:10:27
329,Nizwa,OM,22.9333,57.5333,87.71,8,100,7.36,overcast clouds,2021-03-28 16:10:27
330,Kosh-Agach,RU,50.0,88.6667,26.65,95,100,1.54,light snow,2021-03-28 16:10:28
331,Banda Aceh,ID,5.5577,95.3222,77.16,86,100,7.94,overcast clouds,2021-03-28 16:10:10
332,Custodia,BR,-8.0875,-37.6431,88.56,38,78,4.09,broken clouds,2021-03-28 16:10:28
333,Ust-Omchug,RU,61.15,149.6333,-11.24,100,38,1.43,scattered clouds,2021-03-28 16:10:28
334,Dakar,SN,14.6937,-17.4441,73.4,68,0,19.57,clear sky,2021-03-28 16:10:28
335,High Rock,BS,26.6208,-78.2833,82.4,65,40,14.97,scattered clouds,2021-03-28 16:10:29
336,Mahon,ES,39.8885,4.2658,60.8,59,0,13.8,clear sky,2021-03-28 16:10:29
337,Natchitoches,US,31.7668,-93.1335,62.6,67,1,14.97,clear sky,2021-03-28 16:10:29
338,Karasjok,NO,69.4719,25.5112,37.4,56,0,13.8,clear sky,2021-03-28 16:10:29
339,Bubaque,GW,11.2833,-15.8333,77.54,61,12,9.17,few clouds,2021-03-28 16:10:30
340,Ponta Delgada,PT,37.7333,-25.6667,60.8,77,20,8.05,few clouds,2021-03-28 16:10:30
341,Alice Springs,AU,-23.7,133.8833,69.8,68,55,4.61,broken clouds,2021-03-28 16:09:09
342,Airai,TL,-8.9266,125.4092,60.03,94,100,2.17,overcast clouds,2021-03-28 16:09:59
343,Touho,NC,-20.7833,165.2333,78.96,76,67,12.93,broken clouds,2021-03-28 16:10:30
344,Ilulissat,GL,69.2167,-51.1,-5.8,41,7,4.43,clear sky,2021-03-28 16:10:31
345,Urengoy,RU,65.9667,78.3667,-0.69,98,81,8.57,broken clouds,2021-03-28 16:10:31
346,Shetpe,KZ,44.1667,52.1167,41.58,71,64,12.64,broken clouds,2021-03-28 16:10:31
347,Egvekinot,RU,66.3167,-179.1667,5.14,88,100,11.9,overcast clouds,2021-03-28 16:10:32
348,Collie,AU,-33.3667,116.15,60.01,71,0,3.76,clear sky,2021-03-28 16:10:32
349,Acarau,BR,-2.8856,-40.12,82.49,74,54,7.61,broken clouds,2021-03-28 16:10:32
350,Ninotsminda,GE,41.2646,43.5916,35.6,35,8,3.44,clear sky,2021-03-28 16:10:32
351,Sault Sainte Marie,CA,46.5168,-84.3333,33.8,80,90,11.5,snow,2021-03-28 16:10:33
352,Tutoia,BR,-2.7619,-42.2744,87.8,74,40,10.36,scattered clouds,2021-03-28 16:06:40
353,Vyshkov,RU,52.4764,31.6873,55.4,41,75,6.71,broken clouds,2021-03-28 16:10:33
354,Gainesville,US,29.6516,-82.3248,84.0,57,75,11.5,broken clouds,2021-03-28 16:09:47
355,Bereda,ES,43.2686,-7.5406,73.0,40,0,6.91,clear sky,2021-03-28 16:10:33
356,Rio Branco Do Sul,BR,-25.19,-49.3142,86.0,66,31,7.0,scattered clouds,2021-03-28 16:10:33
357,Bilibino,RU,68.0546,166.4372,-25.1,96,30,3.96,scattered clouds,2021-03-28 16:09:01
358,Aswan,EG,24.0934,32.907,76.19,11,27,12.71,scattered clouds,2021-03-28 16:05:56
359,Takoradi,GH,4.8845,-1.7554,83.91,70,7,11.81,clear sky,2021-03-28 16:10:34
360,Norrtalje,SE,59.758,18.705,39.99,93,90,13.8,light rain,2021-03-28 16:10:34
361,Kidal,ML,18.4411,1.4078,88.84,6,0,15.19,clear sky,2021-03-28 16:10:34
362,Deputatskiy,RU,69.3,139.9,-2.42,98,98,4.36,overcast clouds,2021-03-28 16:09:13
363,Ust-Tarka,RU,55.5672,75.705,26.31,98,100,4.7,light snow,2021-03-28 16:10:35
364,Skibbereen,IE,51.55,-9.2667,51.8,93,90,27.63,overcast clouds,2021-03-28 16:10:35
365,Ariquemes,BR,-9.9133,-63.0408,83.86,71,87,4.52,overcast clouds,2021-03-28 16:10:35
366,Kez,RU,57.8979,53.7152,25.36,93,6,5.19,clear sky,2021-03-28 16:10:36
367,Ojinaga,MX,29.5667,-104.4167,64.4,29,1,14.97,clear sky,2021-03-28 16:10:36
368,Linxia,CN,35.6003,103.2064,48.96,33,83,8.34,broken clouds,2021-03-28 16:10:36
369,Pevek,RU,69.7008,170.3133,-19.23,97,28,1.43,scattered clouds,2021-03-28 16:09:00
370,Ebreichsdorf,AT,47.95,16.4,57.2,38,75,4.61,broken clouds,2021-03-28 16:10:36
371,Kuminskiy,RU,58.6667,66.5667,27.93,97,100,4.0,light snow,2021-03-28 16:10:37
372,Remanso,BR,-9.6179,-42.0831,86.27,41,96,3.94,overcast clouds,2021-03-28 16:10:37
373,Bonavista,CA,48.6499,-53.1147,28.99,59,100,4.61,overcast clouds,2021-03-28 16:10:37
374,Dubai,AE,25.2582,55.3047,78.01,73,0,9.22,clear sky,2021-03-28 16:09:59
375,Alugan,PH,12.2188,125.4808,79.18,84,100,8.05,overcast clouds,2021-03-28 16:10:37
376,Awjilah,LY,29.1081,21.2869,69.31,22,4,10.94,clear sky,2021-03-28 16:10:38
377,Sarangani,PH,5.4033,125.4636,80.02,79,100,5.26,moderate rain,2021-03-28 16:10:38
378,Ixtapa,MX,20.7,-105.2,73.4,60,40,3.98,scattered clouds,2021-03-28 16:10:38
379,Mogadishu,SO,2.0371,45.3438,80.89,83,91,14.0,overcast clouds,2021-03-28 16:07:21
380,Hakodate,JP,41.7758,140.7367,51.8,100,90,4.61,light rain,2021-03-28 16:10:39
381,Beaucaire,FR,43.8081,4.6442,69.01,45,0,5.75,clear sky,2021-03-28 16:10:39
382,La Ronge,CA,55.1001,-105.2842,24.8,86,100,12.66,light snow,2021-03-28 16:10:39
383,Lagunas,PE,-5.2269,-75.6753,77.65,94,100,0.16,overcast clouds,2021-03-28 16:10:40
384,Touros,BR,-5.1989,-35.4608,87.8,66,40,12.66,scattered clouds,2021-03-28 16:10:40
385,North Bend,US,43.4065,-124.2243,46.4,87,90,4.61,overcast clouds,2021-03-28 16:10:40
386,Hovd,MN,48.0056,91.6419,35.42,37,62,1.66,broken clouds,2021-03-28 16:10:40
387,Coquimbo,CL,-29.9533,-71.3436,60.8,77,90,8.05,overcast clouds,2021-03-28 16:10:41
388,Paita,PE,-5.0892,-81.1144,87.8,45,0,14.97,clear sky,2021-03-28 16:10:41
389,Bhum,IN,18.4667,75.6667,89.65,10,9,9.71,clear sky,2021-03-28 16:10:41
390,Moura,PT,38.1401,-7.4486,75.2,33,0,6.91,clear sky,2021-03-28 16:10:41
391,Den Helder,NL,52.9599,4.7593,46.99,93,90,24.16,drizzle,2021-03-28 16:10:42
392,Terrace,CA,54.5163,-128.6035,32.0,86,75,8.05,broken clouds,2021-03-28 16:08:47
393,Mahebourg,MU,-20.4081,57.7,80.6,83,75,3.44,broken clouds,2021-03-28 16:10:42
394,Arecibo,PR,18.4724,-66.7157,84.0,69,1,7.0,clear sky,2021-03-28 16:10:42
395,Buchanan,LR,5.8808,-10.0467,87.8,70,75,14.97,light rain,2021-03-28 16:10:43
396,Krivosheino,RU,57.3431,83.9261,27.25,98,100,2.06,light snow,2021-03-28 16:10:43
397,Westport,US,41.1415,-73.3579,48.99,93,90,14.97,moderate rain,2021-03-28 16:10:37
398,Codrington,AU,-38.2667,141.9667,55.9,93,19,5.84,few clouds,2021-03-28 16:10:43
399,Tura,IN,25.5198,90.2201,76.39,17,0,4.09,clear sky,2021-03-28 16:10:44
400,Agadez,NE,19.75,10.25,79.99,9,0,9.75,clear sky,2021-03-28 16:10:44
401,Russell,US,32.3502,-85.1999,78.01,69,90,8.05,haze,2021-03-28 16:10:44
402,Saint-Georges,GD,12.0564,-61.7485,86.0,62,40,14.65,scattered clouds,2021-03-28 16:10:44
403,Warrensburg,US,38.7628,-93.7361,48.99,49,1,10.36,clear sky,2021-03-28 16:10:45
404,Chapais,CA,49.7834,-74.8492,30.2,93,90,16.11,light snow,2021-03-28 16:10:45
405,Walvis Bay,NA,-22.9575,14.5053,69.8,60,30,10.36,scattered clouds,2021-03-28 16:08:34
406,Cavalcante,BR,-13.7975,-47.4583,84.99,34,99,4.88,overcast clouds,2021-03-28 16:10:45
407,Paragominas,BR,-2.9667,-47.4833,81.0,72,100,2.71,overcast clouds,2021-03-28 16:10:45
408,Kjopsvik,NO,68.097,16.3742,39.2,48,0,9.22,clear sky,2021-03-28 16:10:46
409,Storm Lake,US,42.6411,-95.2097,39.2,60,1,10.36,clear sky,2021-03-28 16:10:46
410,Nara,JP,34.6851,135.8049,60.01,98,99,5.06,overcast clouds,2021-03-28 16:09:23
411,Zhigansk,RU,66.7697,123.3711,-2.61,99,83,3.67,broken clouds,2021-03-28 16:10:46
412,Huilong,CN,31.8111,121.655,64.99,73,0,1.01,clear sky,2021-03-28 16:10:47
413,San Carlos De Bariloche,AR,-41.1456,-71.3082,73.0,27,0,3.44,clear sky,2021-03-28 16:10:47
414,Chuy,UY,-33.6971,-53.4616,70.65,81,72,8.5,broken clouds,2021-03-28 16:07:56
415,Pryamitsyno,RU,51.6561,35.9314,44.6,36,0,4.47,clear sky,2021-03-28 16:10:47
416,Scarborough,GB,54.2797,-0.4044,59.0,72,100,5.99,overcast clouds,2021-03-28 16:10:42
417,Odesskoye,RU,54.2111,72.9651,28.42,95,100,16.53,light snow,2021-03-28 16:10:47
418,Okhotsk,RU,59.3833,143.3,-0.33,98,64,6.17,broken clouds,2021-03-28 16:10:27
419,Penzance,GB,50.1186,-5.5371,51.8,87,90,26.46,overcast clouds,2021-03-28 16:10:48
420,Xiuyan,CN,40.2928,123.2744,46.81,37,3,11.18,clear sky,2021-03-28 16:10:48
421,Evensk,RU,61.95,159.2333,-10.95,86,49,3.76,scattered clouds,2021-03-28 16:10:48
422,Lundazi,ZM,-12.2929,33.1782,66.83,88,54,2.89,moderate rain,2021-03-28 16:10:48
423,Byron Bay,AU,-28.65,153.6167,66.2,94,65,1.14,broken clouds,2021-03-28 16:10:49
424,Masty,BY,53.4122,24.5387,46.4,53,75,6.71,broken clouds,2021-03-28 16:10:49
425,Yuxia,CN,34.0615,108.6291,64.4,24,71,6.71,dust,2021-03-28 16:10:20
426,Pierre,US,44.3683,-100.351,44.01,70,1,13.8,clear sky,2021-03-28 16:10:49
427,Imeni Poliny Osipenko,RU,52.4201,136.4853,28.6,96,100,5.88,overcast clouds,2021-03-28 16:10:49
428,Kaitangata,NZ,-46.2817,169.8464,53.51,97,100,2.06,overcast clouds,2021-03-28 16:10:50
429,Prainha,BR,-1.8,-53.48,86.0,58,84,5.35,broken clouds,2021-03-28 16:10:50
430,Sorland,NO,67.667,12.6934,41.0,65,0,17.27,clear sky,2021-03-28 16:10:11
431,Iberia,US,29.9502,-91.7507,69.8,88,90,23.02,overcast clouds,2021-03-28 16:10:50
432,Qaqortoq,GL,60.7167,-46.0333,24.8,54,0,4.61,clear sky,2021-03-28 16:10:51
433,Cochabamba,BO,-17.3895,-66.1568,71.6,37,40,4.61,scattered clouds,2021-03-28 16:08:38
434,Slantsy,RU,59.1182,28.0914,38.59,91,100,3.38,overcast clouds,2021-03-28 16:10:51
435,Orlik,RU,52.5178,99.825,10.6,85,85,2.86,overcast clouds,2021-03-28 16:10:51
436,Yamoussoukro,CI,6.8206,-5.2767,89.6,62,75,4.61,broken clouds,2021-03-28 16:10:52
437,Caconde,BR,-21.5294,-46.6439,78.8,61,40,1.25,scattered clouds,2021-03-28 16:10:52
438,Tocopilla,CL,-22.092,-70.1979,72.09,67,4,7.87,clear sky,2021-03-28 16:10:52
439,Bolobo,CD,-2.1667,16.2333,83.3,66,61,2.57,broken clouds,2021-03-28 16:10:41
440,Manzanillo,CU,20.3433,-77.1167,88.77,38,0,3.53,clear sky,2021-03-28 16:10:52
441,Rocha,UY,-34.4833,-54.3333,69.17,84,80,8.97,broken clouds,2021-03-28 16:10:53
442,Hobyo,SO,5.3505,48.5268,81.39,77,31,13.67,scattered clouds,2021-03-28 16:09:03
443,Xichang,CN,27.8964,102.2634,58.6,30,7,3.38,clear sky,2021-03-28 16:10:53
444,Hambantota,LK,6.1241,81.1185,73.4,100,75,2.3,broken clouds,2021-03-28 16:10:53
445,Marawi,PH,7.9986,124.2928,79.0,87,97,5.01,overcast clouds,2021-03-28 16:10:54
446,Fairbanks,US,64.8378,-147.7164,3.2,78,90,2.04,overcast clouds,2021-03-28 16:10:37
447,Mwense,ZM,-10.3845,28.698,70.45,85,32,1.9,scattered clouds,2021-03-28 16:10:54
448,Rawson,AR,-43.3002,-65.1023,70.65,41,78,10.94,broken clouds,2021-03-28 16:10:54
449,Jalu,LY,29.0331,21.5482,69.28,22,2,10.83,clear sky,2021-03-28 16:09:48
450,Chemal,RU,51.4111,86.005,35.71,98,100,2.3,overcast clouds,2021-03-28 16:10:54
451,Conceicao Do Araguaia,BR,-8.2578,-49.2647,87.13,63,47,0.98,heavy intensity rain,2021-03-28 16:10:55
452,Noyabrsk,RU,63.1994,75.4507,-2.49,99,45,8.3,scattered clouds,2021-03-28 16:10:55
453,Kathmandu,NP,27.7167,85.3167,60.8,63,20,2.3,haze,2021-03-28 16:09:25
454,Rincon,US,32.296,-81.2354,82.99,51,75,23.02,broken clouds,2021-03-28 16:10:55
455,Ust-Karsk,RU,52.7011,118.8077,23.49,96,92,4.07,overcast clouds,2021-03-28 16:10:56
456,Nhulunbuy,AU,-12.2333,136.7667,82.4,83,75,10.36,broken clouds,2021-03-28 16:10:56
457,Yambio,SS,4.5721,28.3955,79.83,50,87,3.76,overcast clouds,2021-03-28 16:10:56
458,Bilma,NE,18.6853,12.9164,84.72,9,0,5.64,clear sky,2021-03-28 16:10:56
459,Kropotkin,RU,45.4375,40.5756,46.0,70,95,10.07,moderate rain,2021-03-28 16:10:57
460,Chumikan,RU,54.7183,135.315,12.38,99,99,4.92,overcast clouds,2021-03-28 16:10:57
461,Aksarka,RU,66.5606,67.7975,-8.12,97,18,7.11,few clouds,2021-03-28 16:10:57
462,Santa Fe,AR,-31.6333,-60.7,66.99,71,99,4.0,overcast clouds,2021-03-28 16:07:22
463,Banswara,IN,23.55,74.45,93.0,10,1,6.78,clear sky,2021-03-28 16:10:57
464,Shakhtne,UA,47.9828,38.282,42.71,63,89,5.86,overcast clouds,2021-03-28 16:10:58
465,Alofi,NU,-19.0595,-169.9187,77.0,94,11,5.75,few clouds,2021-03-28 16:09:07
466,Nha Trang,VN,12.25,109.1833,77.0,88,0,1.14,clear sky,2021-03-28 16:06:11
467,Gwanda,ZW,-20.9333,29.0,71.98,56,0,10.07,clear sky,2021-03-28 16:10:58
468,Boromo,BF,11.75,-2.9333,103.24,8,1,8.12,clear sky,2021-03-28 16:10:58
469,Rantepao,ID,-2.9701,119.8978,67.96,98,100,1.59,light rain,2021-03-28 16:10:59
470,Kichmengskiy Gorodok,RU,59.9816,45.7854,23.94,96,8,3.24,clear sky,2021-03-28 16:10:59
471,Balkanabat,TM,39.5108,54.3671,48.15,58,59,13.4,broken clouds,2021-03-28 16:10:59
472,Vanavara,RU,60.34,102.2797,8.58,99,78,2.21,broken clouds,2021-03-28 16:10:16
473,Yar-Sale,RU,66.8333,70.8333,-8.61,98,11,9.51,few clouds,2021-03-28 16:10:59
474,Henties Bay,NA,-22.116,14.2845,64.0,85,7,5.99,clear sky,2021-03-28 16:11:00
475,Bella Union,UY,-30.2752,-57.6007,72.12,57,18,8.14,few clouds,2021-03-28 16:11:00
476,Nongpoh,IN,25.9,91.8833,71.6,53,40,5.48,haze,2021-03-28 16:11:00
477,Skjervoy,NO,70.0311,20.9714,39.2,52,40,4.61,scattered clouds,2021-03-28 16:07:11
478,Boende,CD,-0.2167,20.8667,83.84,56,72,2.71,light rain,2021-03-28 16:11:00
479,Denpasar,ID,-8.65,115.2167,78.8,94,75,4.61,moderate rain,2021-03-28 16:11:01
480,Anopino,RU,55.6981,40.6671,32.36,91,98,5.03,overcast clouds,2021-03-28 16:11:01
481,Dondo,MZ,-19.6094,34.7431,84.2,70,40,14.97,light rain,2021-03-28 16:11:01
482,Kapit,MY,2.0167,112.9333,73.85,98,100,0.36,moderate rain,2021-03-28 16:09:18
483,Balykshi,KZ,47.0667,51.8667,41.0,75,75,11.18,broken clouds,2021-03-28 16:11:02
484,Khani,GE,41.9563,42.9566,46.4,57,40,6.91,scattered clouds,2021-03-28 16:11:02
485,Constitucion,CL,-35.3333,-72.4167,69.35,40,0,4.47,clear sky,2021-03-28 16:09:02
486,Burnie,AU,-41.0667,145.9167,52.16,67,17,13.02,few clouds,2021-03-28 16:08:45
487,Neuquen,AR,-38.9516,-68.0591,75.2,20,0,8.05,clear sky,2021-03-28 16:07:16
488,Berlevag,NO,70.8578,29.0864,37.4,69,0,8.05,clear sky,2021-03-28 16:11:02
489,Podgorenskiy,RU,50.405,39.6429,39.04,68,100,4.63,overcast clouds,2021-03-28 16:11:02
490,Katangli,RU,51.7102,143.2326,25.27,97,84,5.12,broken clouds,2021-03-28 16:11:03
491,Patacamaya,BO,-17.2333,-67.9167,55.47,54,80,11.72,broken clouds,2021-03-28 16:11:03
492,Amapa,BR,1.0,-52.0,78.78,91,76,4.25,broken clouds,2021-03-28 16:11:03
493,Katsuura,JP,35.1333,140.3,62.01,94,100,1.01,light rain,2021-03-28 16:11:03
494,Arman,RU,59.7,150.1667,-1.84,98,59,5.86,broken clouds,2021-03-28 16:06:19
495,Port Augusta,AU,-32.5,137.7667,62.6,77,0,5.75,clear sky,2021-03-28 16:11:04
496,Magadan,RU,59.5667,150.8,-1.14,97,54,4.74,broken clouds,2021-03-28 16:06:41
497,Olinda,BR,-8.0089,-34.8553,82.4,65,40,4.61,scattered clouds,2021-03-28 16:11:04
498,Ornskoldsvik,SE,63.2909,18.7153,33.8,100,75,10.36,broken clouds,2021-03-28 16:11:04
499,Conceicao Do Mato Dentro,BR,-19.0372,-43.425,85.95,47,0,2.51,clear sky,2021-03-28 16:11:04
500,Shimoda,JP,34.6667,138.95,64.4,94,90,20.71,mist,2021-03-28 16:06:27
501,Tarko-Sale,RU,64.9225,77.785,3.67,97,89,10.29,overcast clouds,2021-03-28 16:06:49
502,Wum,CM,6.3833,10.0667,83.41,29,62,6.33,broken clouds,2021-03-28 16:11:05
503,Lichuan,CN,30.3,108.85,53.65,79,0,4.23,light rain,2021-03-28 16:11:05
504,Feicheng,CN,35.2606,117.9675,54.05,33,58,3.29,broken clouds,2021-03-28 16:11:05
505,Novotroitsk,RU,51.203,58.3266,23.0,80,0,6.71,clear sky,2021-03-28 16:11:06
506,Vao,NC,-22.6667,167.4833,77.23,82,29,11.88,scattered clouds,2021-03-28 16:08:22
507,Umm Kaddadah,SD,13.6017,26.6876,80.91,9,0,19.01,clear sky,2021-03-28 16:11:06
508,Turayf,SA,31.6725,38.6637,62.6,27,0,4.61,clear sky,2021-03-28 16:11:06
509,Dosso,NE,13.049,3.1937,96.84,5,2,11.12,clear sky,2021-03-28 16:11:06
510,Dauriya,RU,49.9333,116.8667,27.05,74,23,19.71,few clouds,2021-03-28 16:11:07
511,Boguchany,RU,58.3814,97.4531,26.37,98,100,2.37,light snow,2021-03-28 16:11:07
512,Marsh Harbour,BS,26.5412,-77.0636,77.54,67,50,14.72,scattered clouds,2021-03-28 16:11:07
513,Miramar,US,25.9873,-80.2323,84.99,51,20,13.8,few clouds,2021-03-28 16:11:08
514,Fukue,JP,32.6881,128.8419,59.74,79,2,11.86,clear sky,2021-03-28 16:11:08
515,Preobrazheniye,RU,42.9019,133.9064,39.56,95,100,8.23,overcast clouds,2021-03-28 16:11:08
516,Monduli,TZ,-3.3,36.45,77.0,61,20,5.88,few clouds,2021-03-28 16:11:08
517,Meulaboh,ID,4.1363,96.1285,78.01,85,92,3.02,overcast clouds,2021-03-28 16:07:15
518,Khuzdar,PK,27.7384,66.6434,81.91,13,39,6.46,scattered clouds,2021-03-28 16:11:09
519,Constancia,MX,24.2231,-107.1869,69.8,43,40,5.75,scattered clouds,2021-03-28 16:11:09
520,Inta,RU,66.0317,60.1659,1.96,99,32,5.17,scattered clouds,2021-03-28 16:11:09
521,Corinth,GR,37.9407,22.9573,62.01,47,16,4.0,few clouds,2021-03-28 16:11:09
522,Birao,CF,10.2849,22.7882,96.42,9,2,9.57,clear sky,2021-03-28 16:11:10
523,Longonjo,AO,-12.9067,15.2533,67.08,90,95,2.64,moderate rain,2021-03-28 16:11:10
524,Fria,GN,10.4167,-13.5833,100.35,24,6,10.36,clear sky,2021-03-28 16:11:10
525,Auki,SB,-8.7676,160.7034,77.36,87,99,3.13,overcast clouds,2021-03-28 16:10:16
526,Khorixas,NA,-20.3667,14.9667,85.33,29,31,8.16,scattered clouds,2021-03-28 16:11:10
527,Sal Rei,CV,16.1833,-22.9167,73.4,56,40,24.16,scattered clouds,2021-03-28 16:11:11
528,Trinidad,BO,-14.8333,-64.9,78.8,73,75,13.8,broken clouds,2021-03-28 16:09:01
529,Taitung,TW,22.7583,121.1444,76.33,79,11,7.9,few clouds,2021-03-28 16:11:11
530,Hirtshals,DK,57.5881,9.9592,46.0,100,75,21.85,mist,2021-03-28 16:11:11
531,Necochea,AR,-38.5473,-58.7368,69.01,76,70,4.0,broken clouds,2021-03-28 16:09:26
532,Sur,OM,22.5667,59.5289,84.16,40,97,4.03,overcast clouds,2021-03-28 16:11:11
533,Mumford,GH,5.2618,-0.759,83.32,72,39,12.93,scattered clouds,2021-03-28 16:11:12
534,Pimampiro,EC,0.4,-77.9667,69.98,62,82,5.32,broken clouds,2021-03-28 16:11:12
535,Trincomalee,LK,8.5711,81.2335,80.17,80,89,9.42,overcast clouds,2021-03-28 16:11:12
536,Aykhal,RU,66.0,111.5,13.64,99,100,4.88,overcast clouds,2021-03-28 16:11:13
537,Aksha,RU,50.2814,113.2867,24.93,71,1,5.28,clear sky,2021-03-28 16:11:13
538,Mackay,AU,-21.15,149.2,73.4,78,40,3.44,scattered clouds,2021-03-28 16:10:08
539,Maniitsoq,GL,65.4167,-52.9,3.97,46,14,1.66,few clouds,2021-03-28 16:10:27
540,Bathsheba,BB,13.2167,-59.5167,84.2,58,40,28.77,scattered clouds,2021-03-28 16:11:13
541,San Pedro,PH,14.35,121.0167,84.2,74,20,2.3,few clouds,2021-03-28 16:11:13
542,Upata,VE,8.0086,-62.3989,87.51,43,95,8.7,overcast clouds,2021-03-28 16:11:14
543,Abha,SA,18.2164,42.5053,71.6,59,0,9.22,clear sky,2021-03-28 16:11:14
544,Esmeraldas,BR,-19.7625,-44.3139,89.6,45,40,5.75,scattered clouds,2021-03-28 16:11:14
545,Burns Lake,CA,54.2331,-125.7533,30.2,59,94,6.91,overcast clouds,2021-03-28 16:11:15
546,Ankang,CN,32.68,109.0172,65.44,54,0,1.34,clear sky,2021-03-28 16:11:15
547,Tongzi,CN,28.7829,105.0877,69.96,52,1,3.0,light rain,2021-03-28 16:11:15
548,Palatka,US,29.6486,-81.6376,82.0,68,64,10.92,broken clouds,2021-03-28 16:11:16
549,Lusambo,CD,-4.9667,23.45,83.43,63,84,2.28,broken clouds,2021-03-28 16:11:16
550,Atambua,ID,-9.1061,124.8925,73.78,87,100,4.41,light rain,2021-03-28 16:11:16
551,Daru,PG,-9.0763,143.2092,81.23,86,94,15.32,overcast clouds,2021-03-28 16:11:17
552,Segezha,RU,63.7415,34.3222,35.17,95,72,9.33,broken clouds,2021-03-28 16:11:17
553,Nkowakowa,ZA,-23.8878,30.2871,64.4,68,0,4.61,light rain,2021-03-28 16:11:17
554,Punta Cardon,VE,11.6581,-70.215,81.46,65,97,27.69,overcast clouds,2021-03-28 16:11:17
555,La Brea,HN,15.8,-85.9667,86.0,54,20,5.75,few clouds,2021-03-28 16:11:18
556,Funabashi,JP,35.6931,139.9833,61.0,65,100,7.29,heavy intensity rain,2021-03-28 16:11:18
557,San Quintin,MX,30.4833,-115.95,69.04,23,0,4.52,clear sky,2021-03-28 16:11:18
558,Pedra Azul,BR,-16.0053,-41.2972,93.43,17,2,5.5,clear sky,2021-03-28 16:11:18
559,Masuguru,TZ,-11.3667,38.4167,76.21,88,58,0.72,broken clouds,2021-03-28 16:11:19
560,Arrecife,ES,28.963,-13.5477,68.0,83,40,8.05,scattered clouds,2021-03-28 16:11:19
561,Nortelandia,BR,-14.4547,-56.8028,89.4,54,49,2.15,scattered clouds,2021-03-28 16:11:19
562,Grand Gaube,MU,-20.0064,57.6608,80.01,75,12,0.83,few clouds,2021-03-28 16:11:20
563,Chipinge,ZW,-20.1883,32.6236,63.5,83,19,4.99,few clouds,2021-03-28 16:11:20
564,Sanok,PL,49.5557,22.2056,46.0,100,73,1.99,broken clouds,2021-03-28 16:11:20
565,Zhanjiang,CN,21.2815,110.3427,74.8,85,9,9.75,clear sky,2021-03-28 16:11:20
566,Sola,VU,-13.8833,167.55,82.15,77,17,17.27,few clouds,2021-03-28 16:09:19
567,Doha,QA,25.2867,51.5333,71.6,49,0,14.97,clear sky,2021-03-28 16:11:21
568,San Angelo,US,31.4638,-100.437,62.01,36,1,14.97,clear sky,2021-03-28 16:11:21
569,Fortuna,US,40.5982,-124.1573,39.2,100,90,8.05,overcast clouds,2021-03-28 16:11:21
570,Sibolga,ID,1.7427,98.7792,78.06,86,70,2.44,broken clouds,2021-03-28 16:11:21
571,Yarada,IN,17.65,83.2667,84.2,79,40,4.61,mist,2021-03-28 16:11:22
572,Namibe,AO,-15.1961,12.1522,76.28,69,75,12.37,broken clouds,2021-03-28 16:11:22
573,Fushan,CN,37.4958,121.2581,50.4,38,41,8.77,scattered clouds,2021-03-28 16:11:22
574,Port Lincoln,AU,-34.7333,135.8667,60.64,79,5,7.85,clear sky,2021-03-28 16:11:23
575,Kawasaki,JP,35.5206,139.7172,62.01,100,75,16.11,moderate rain,2021-03-28 16:11:23
576,Vyshestebliyevskaya,RU,45.1961,37.0181,48.2,76,20,11.18,few clouds,2021-03-28 16:11:23
577,San Policarpo,PH,12.1791,125.5072,79.7,83,100,8.72,overcast clouds,2021-03-28 16:11:23
578,Carhuamayo,PE,-10.9167,-76.0333,49.17,53,97,9.08,overcast clouds,2021-03-28 16:11:24
579,Tabuk,PH,17.4189,121.4443,74.59,90,69,2.3,broken clouds,2021-03-28 16:11:24
580,Prince Rupert,CA,54.3161,-130.3201,37.4,80,75,6.91,light snow,2021-03-28 16:11:24
581,Mitu,CO,1.1983,-70.1733,73.2,97,98,4.7,moderate rain,2021-03-28 16:11:24
582,Safaga,EG,26.7292,33.9365,73.4,31,0,19.57,clear sky,2021-03-28 16:11:25
583,Sao Jose Da Coroa Grande,BR,-8.8978,-35.1478,81.91,71,59,7.07,broken clouds,2021-03-28 16:11:25
584,Hay River,CA,60.8156,-115.7999,19.4,86,90,10.36,snow,2021-03-28 16:06:33
585,Rudsar,IR,37.1376,50.288,50.0,76,40,9.22,scattered clouds,2021-03-28 16:11:25
586,Ola,RU,59.5833,151.2833,0.32,99,97,4.65,overcast clouds,2021-03-28 16:11:25
587,Caetite,BR,-14.0694,-42.475,89.64,22,2,6.2,clear sky,2021-03-28 16:11:26
588,Batagay-Alyta,RU,67.8006,130.4114,-3.48,86,98,5.08,overcast clouds,2021-03-28 16:11:26
589,Vila Velha,BR,-20.3297,-40.2925,89.6,58,20,10.36,few clouds,2021-03-28 16:08:18
590,Telimele,GN,10.9167,-13.3333,103.41,13,3,1.57,clear sky,2021-03-28 16:11:26
591,Wasilla,US,61.5814,-149.4394,12.0,72,1,5.75,clear sky,2021-03-28 16:11:27
592,Kalofer,BG,42.6167,24.9833,64.4,39,75,13.8,broken clouds,2021-03-28 16:11:27
593,Ngunguru,NZ,-35.6167,174.5,64.99,95,100,5.01,light rain,2021-03-28 16:09:15
594,Abu Kamal,SY,34.4506,40.9171,60.4,18,0,7.9,clear sky,2021-03-28 16:11:27
595,Leningradskiy,RU,69.3833,178.4167,-18.27,94,20,3.67,few clouds,2021-03-28 16:11:28
596,Caucaia,BR,-3.7361,-38.6531,87.8,66,75,9.22,broken clouds,2021-03-28 16:11:28
597,Ifakara,TZ,-8.1333,36.6833,74.55,88,55,3.13,broken clouds,2021-03-28 16:11:28
598,Mercedes,AR,-34.6515,-59.4307,73.0,93,99,4.0,overcast clouds,2021-03-28 16:11:28
599,Ushtobe,KZ,45.2514,77.9838,52.27,65,89,5.23,overcast clouds,2021-03-28 16:11:29
600,Guerrero Negro,MX,27.9769,-114.0611,69.4,29,0,2.51,clear sky,2021-03-28 16:11:29
601,Kawalu,ID,-7.3817,108.2082,73.69,97,97,0.43,overcast clouds,2021-03-28 16:11:29
602,Metkovic,HR,43.0542,17.6483,64.4,55,40,5.75,scattered clouds,2021-03-28 16:11:29
603,Isugod,PH,9.3408,118.1196,79.03,85,98,4.21,overcast clouds,2021-03-28 16:11:30
604,Antonovo,BG,43.15,26.1667,60.8,44,46,18.41,scattered clouds,2021-03-28 16:11:30
605,Casper,US,42.8666,-106.3131,42.01,56,1,18.41,clear sky,2021-03-28 16:08:01
606,Verkhoyansk,RU,67.5447,133.385,-10.03,100,85,2.26,overcast clouds,2021-03-28 16:11:30
607,Oranjestad,AW,12.524,-70.027,86.0,62,20,25.32,few clouds,2021-03-28 16:06:56
608,Cuamba,MZ,-14.8031,36.5372,70.29,96,88,4.65,light rain,2021-03-28 16:11:30
609,Beloha,MG,-25.1667,45.05,73.24,79,48,7.0,scattered clouds,2021-03-28 16:11:31
610,Moose Factory,CA,51.2585,-80.6094,30.2,80,90,11.5,light snow,2021-03-28 16:09:39
611,Seoul,KR,37.5683,126.9778,50.0,93,90,10.36,mist,2021-03-28 16:07:55
612,Lakatoro,VU,-16.0999,167.4164,79.16,84,15,8.77,few clouds,2021-03-28 16:11:31
613,Willowmore,ZA,-33.2926,23.4895,68.77,27,100,9.93,overcast clouds,2021-03-28 16:11:31
614,Najran,SA,17.4924,44.1277,87.8,13,0,11.5,clear sky,2021-03-28 16:11:32
615,Nyurba,RU,63.2842,118.3319,7.09,99,83,4.05,broken clouds,2021-03-28 16:11:32
616,Bela,IN,25.9333,81.9833,83.68,11,1,4.27,clear sky,2021-03-28 16:11:32
617,Togur,RU,58.3631,82.8265,30.02,98,100,3.87,overcast clouds,2021-03-28 16:11:32
618,Ko Samui,TH,9.5357,99.9357,83.97,74,57,11.72,broken clouds,2021-03-28 16:11:33
619,Majene,ID,-3.5403,118.9707,77.11,90,100,4.59,moderate rain,2021-03-28 16:11:33
620,Barth,DE,54.3635,12.7249,48.99,87,75,6.91,light rain,2021-03-28 16:11:33
621,San Clemente,US,33.427,-117.612,69.01,44,0,2.68,clear sky,2021-03-28 16:11:33
622,Pacific Grove,US,36.6177,-121.9166,55.4,62,1,6.46,clear sky,2021-03-28 16:08:02
623,Anadyr,RU,64.75,177.4833,14.0,85,75,17.9,snow,2021-03-28 16:11:34
624,Mumbwa,ZM,-14.9783,27.0619,70.65,77,67,3.65,broken clouds,2021-03-28 16:11:34
625,Otjimbingwe,NA,-22.35,16.1333,87.51,21,1,13.76,clear sky,2021-03-28 16:11:34
626,Auxerre,FR,47.8,3.5667,64.0,38,89,1.01,overcast clouds,2021-03-28 16:11:34
627,Juegang,CN,32.3174,121.1855,57.69,78,0,7.72,clear sky,2021-03-28 16:07:08
628,Port Pirie,AU,-33.1833,138.0167,62.6,77,4,5.75,clear sky,2021-03-28 16:11:35
629,Sinnamary,GF,5.3833,-52.95,81.39,78,97,15.61,moderate rain,2021-03-28 16:11:35
630,Laramie,US,41.3114,-105.5911,41.0,42,1,27.63,clear sky,2021-03-28 16:11:35
631,Khandyga,RU,62.6667,135.6,8.64,97,94,2.62,overcast clouds,2021-03-28 16:11:36
632,Conceicao Das Alagoas,BR,-19.9147,-48.3883,86.0,45,75,4.61,broken clouds,2021-03-28 16:11:36
633,Balakhninskiy,RU,58.0106,114.2769,2.3,97,38,3.67,scattered clouds,2021-03-28 16:11:36
634,Ailigandi,PA,9.2333,-78.0167,82.56,72,17,8.79,few clouds,2021-03-28 16:11:36
635,Aksu,CN,41.1231,80.2644,60.42,30,100,0.89,overcast clouds,2021-03-28 16:11:36
636,Raudeberg,NO,61.9875,5.1352,44.01,91,100,21.85,overcast clouds,2021-03-28 16:09:25
637,Kirkcudbright,GB,54.8383,-4.0491,46.99,97,100,18.01,overcast clouds,2021-03-28 16:11:37
638,Pietarsaari,FI,63.65,22.6833,37.99,93,90,2.3,overcast clouds,2021-03-28 16:11:37
639,Melnikovo,RU,56.5558,84.085,32.0,92,99,4.07,overcast clouds,2021-03-28 16:11:37
640,Shingu,JP,33.7333,135.9833,60.51,95,79,4.85,broken clouds,2021-03-28 16:11:37
641,Binzhou,CN,37.3667,118.0167,55.99,36,67,5.64,broken clouds,2021-03-28 16:11:38
642,Aksay,RU,47.26,39.87,48.2,53,20,6.71,few clouds,2021-03-28 16:11:38
643,Tighina,MD,46.8306,29.4711,46.4,71,40,20.71,light rain,2021-03-28 16:11:38
644,Opuwo,NA,-18.0607,13.84,79.9,46,86,6.17,overcast clouds,2021-03-28 16:11:39
645,Kisangani,CD,0.5167,25.2,91.4,49,20,4.61,few clouds,2021-03-28 16:11:39
646,Ocampo,MX,21.65,-101.5,78.01,50,19,10.31,few clouds,2021-03-28 16:11:39
647,Port Macquarie,AU,-31.4333,152.9167,64.0,99,89,4.56,overcast clouds,2021-03-28 16:11:39
648,Tagusao,PH,9.1924,117.8141,80.29,80,79,6.49,broken clouds,2021-03-28 16:09:45
649,Lavrentiya,RU,65.5833,-171.0,1.92,96,100,13.35,light snow,2021-03-28 16:09:18
650,Paoua,CF,7.2427,16.4406,88.88,35,73,7.47,broken clouds,2021-03-28 16:11:40
651,Hillsboro,US,45.5229,-122.9898,46.99,76,1,10.36,clear sky,2021-03-28 16:07:59
652,Empangeni,ZA,-28.762,31.8933,67.1,77,83,6.87,broken clouds,2021-03-28 16:11:40
653,Simao,CN,22.7886,100.9748,64.72,23,0,0.69,clear sky,2021-03-28 16:11:40
654,Hudson Bay,CA,52.85,-102.3842,31.77,73,100,10.31,light snow,2021-03-28 16:11:40
655,Palmas,BR,-10.2128,-48.3603,84.2,70,40,6.91,scattered clouds,2021-03-28 16:11:41
656,Beyneu,KZ,45.3167,55.2,42.24,57,71,10.51,broken clouds,2021-03-28 16:11:41
657,Show Low,US,34.2542,-110.0298,48.99,45,1,5.75,clear sky,2021-03-28 16:11:41
658,Apatin,RS,45.6711,18.9847,55.4,47,0,3.44,clear sky,2021-03-28 16:11:41
659,Caravelas,BR,-17.7125,-39.2481,88.02,50,0,11.92,clear sky,2021-03-28 16:11:42
660,Adre,TD,13.4667,22.2,84.22,13,9,17.87,clear sky,2021-03-28 16:11:42
661,Novyy Urengoy,RU,66.0833,76.6333,-1.88,99,86,9.26,overcast clouds,2021-03-28 16:11:42
662,Chanika,TZ,-5.4167,38.0167,75.06,73,71,5.12,broken clouds,2021-03-28 16:11:42
663,Halifax,CA,44.6453,-63.5724,34.0,80,97,10.36,overcast clouds,2021-03-28 16:08:48
664,Zanesville,US,39.9404,-82.0132,55.4,88,90,13.8,overcast clouds,2021-03-28 16:11:43
665,Kenai,US,60.5544,-151.2583,12.2,67,1,3.44,clear sky,2021-03-28 16:06:49
666,Labuhan,ID,-6.8844,112.2051,78.85,87,93,6.31,light rain,2021-03-28 16:11:43
667,Khromtau,KZ,50.2503,58.4347,21.65,92,100,10.92,overcast clouds,2021-03-28 16:11:43
668,Huimanguillo,MX,17.85,-93.3833,82.4,65,40,10.36,scattered clouds,2021-03-28 16:11:44
669,Plettenberg Bay,ZA,-34.0527,23.3716,65.44,79,99,18.9,overcast clouds,2021-03-28 16:08:03
670,Mareeba,AU,-17.0,145.4333,78.8,73,40,10.36,scattered clouds,2021-03-28 16:06:53
671,Marzuq,YE,14.4,46.4667,73.36,33,1,10.71,clear sky,2021-03-28 16:11:44
672,Waqqas,JO,32.5427,35.6053,60.8,54,0,6.91,clear sky,2021-03-28 16:11:44
673,Damghan,IR,36.1683,54.348,42.55,39,0,9.55,clear sky,2021-03-28 16:11:45
674,Marienberg,DE,50.65,13.1667,52.0,61,97,3.0,overcast clouds,2021-03-28 16:11:45
675,Carovigno,IT,40.708,17.655,64.4,77,0,6.91,clear sky,2021-03-28 16:11:45
676,Coolum Beach,AU,-26.5333,153.1,68.0,94,100,2.84,overcast clouds,2021-03-28 16:11:45
677,Batemans Bay,AU,-35.7167,150.1833,57.99,92,86,3.0,overcast clouds,2021-03-28 16:11:46
678,Soller,ES,39.7662,2.7152,69.8,43,0,10.36,clear sky,2021-03-28 16:11:46
679,Beira,MZ,-19.8436,34.8389,84.2,70,40,14.97,light rain,2021-03-28 16:11:46
680,Juli,PE,-16.2167,-69.45,48.87,67,97,10.09,overcast clouds,2021-03-28 16:11:47
